-- phpMyAdmin SQL Dump
-- version 4.7.9
-- https://www.phpmyadmin.net/
--
-- Host: 127.0.0.1
-- Generation Time: Apr 27, 2018 at 11:54 PM
-- Server version: 10.1.31-MariaDB
-- PHP Version: 7.2.3

SET SQL_MODE = "NO_AUTO_VALUE_ON_ZERO";
SET AUTOCOMMIT = 0;
START TRANSACTION;
SET time_zone = "+00:00";


/*!40101 SET @OLD_CHARACTER_SET_CLIENT=@@CHARACTER_SET_CLIENT */;
/*!40101 SET @OLD_CHARACTER_SET_RESULTS=@@CHARACTER_SET_RESULTS */;
/*!40101 SET @OLD_COLLATION_CONNECTION=@@COLLATION_CONNECTION */;
/*!40101 SET NAMES utf8mb4 */;

--
-- Database: `datasensedb`
--

-- --------------------------------------------------------

--
-- Table structure for table `company`
--

CREATE TABLE `company` (
  `TaxID` char(10) NOT NULL,
  `Name` varchar(32) NOT NULL,
  `Address` varchar(300) NOT NULL
) ENGINE=InnoDB DEFAULT CHARSET=latin1;

--
-- Dumping data for table `company`
--

INSERT INTO `company` (`TaxID`, `Name`, `Address`) VALUES
('1097561230', 'Company Name22', 'Company Address22'),
('1894763470', 'Company Name25', 'Company Address25'),
('1978532260', 'Company Name9', 'Company Address9'),
('2734104870', 'Company Name1', 'Company Address1'),
('2775573510', 'Company Name28', 'Company Address28'),
('2858246300', 'Company Name21', 'Company Address21'),
('2918249160', 'Company Name7', 'Company Address7'),
('3293761050', 'Company Name13', 'Company Address13'),
('3405260250', 'Company Name15', 'Company Address15'),
('3867524370', 'Company Name10', 'Company Address10'),
('4815984600', 'Company Name30', 'Company Address30'),
('5824370600', 'Company Name18', 'Company Address18'),
('6139192010', 'Company Name23', 'Company Address23'),
('6795490950', 'Company Name32', 'Company Address32'),
('6962593290', 'Company Name8', 'Company Address8'),
('7162847370', 'Company Name5', 'Company Address5'),
('7431193640', 'Company Name11', 'Company Address11'),
('7843132380', 'Company Name19', 'Company Address19'),
('7884538500', 'Company Name14', 'Company Address14'),
('8087865230', 'Company Name16', 'Company Address16'),
('8091352410', 'Company Name12', 'Company Address12'),
('8166363500', 'Company Name17', 'Company Address17'),
('8273673360', 'Company Name3', 'Company Address3'),
('8334064770', 'Company Name29', 'Company Address29'),
('8520662050', 'Company Name26', 'Company Address26'),
('9003695350', 'Company Name24', 'Company Address24'),
('9134773970', 'Company Name27', 'Company Address27'),
('9137320750', 'Company Name31', 'Company Address31'),
('9757000650', 'Company Name20', 'Company Address20'),
('9858154320', 'Company Name6', 'Company Address6'),
('9897771970', 'Company Name4', 'Company Address4'),
('9919249060', 'Company Name2', 'Company Address2');

-- --------------------------------------------------------

--
-- Table structure for table `customer`
--

CREATE TABLE `customer` (
  `CustomerID` char(10) NOT NULL,
  `FirstName` varchar(16) NOT NULL,
  `LastName` varchar(24) NOT NULL,
  `Address` varchar(300) NOT NULL,
  `PhoneNumber` char(10) NOT NULL
) ENGINE=InnoDB DEFAULT CHARSET=latin1;

--
-- Dumping data for table `customer`
--

INSERT INTO `customer` (`CustomerID`, `FirstName`, `LastName`, `Address`, `PhoneNumber`) VALUES
('1055401710', 'First Name168', 'Last Name168', 'Customer Address168', '1993121695'),
('1068117980', 'First Name116', 'Last Name116', 'Customer Address116', '1519253766'),
('1069631820', 'First Name37', 'Last Name37', 'Customer Address37', '7773808765'),
('1104457070', 'First Name127', 'Last Name127', 'Customer Address127', '9066284636'),
('1125983770', 'First Name135', 'Last Name135', 'Customer Address135', '6583639685'),
('1256549200', 'First Name77', 'Last Name77', 'Customer Address77', '2068628544'),
('1280080460', 'First Name132', 'Last Name132', 'Customer Address132', '5204936469'),
('1462459110', 'First Name20', 'Last Name20', 'Customer Address20', '7143503695'),
('1471092030', 'First Name82', 'Last Name82', 'Customer Address82', '4088204711'),
('1644754940', 'First Name108', 'Last Name108', 'Customer Address108', '8827505866'),
('1681104890', 'First Name200', 'Last Name200', 'Customer Address200', '7797775657'),
('1740855970', 'First Name106', 'Last Name106', 'Customer Address106', '1197064837'),
('1864445820', 'First Name35', 'Last Name35', 'Customer Address35', '2944683464'),
('1933119790', 'First Name156', 'Last Name156', 'Customer Address156', '6792173709'),
('2079181470', 'First Name101', 'Last Name101', 'Customer Address101', '7268431851'),
('2086160940', 'First Name142', 'Last Name142', 'Customer Address142', '3402736205'),
('2089881500', 'First Name195', 'Last Name195', 'Customer Address195', '1546027995'),
('2158285750', 'First Name184', 'Last Name184', 'Customer Address184', '8427198387'),
('2180810830', 'First Name45', 'Last Name45', 'Customer Address45', '1572654928'),
('2262216310', 'First Name64', 'Last Name64', 'Customer Address64', '6583314977'),
('2285805700', 'First Name55', 'Last Name55', 'Customer Address55', '5784916010'),
('2312620360', 'First Name39', 'Last Name39', 'Customer Address39', '1894509986'),
('2354553810', 'First Name186', 'Last Name186', 'Customer Address186', '9134542518'),
('2399193090', 'First Name191', 'Last Name191', 'Customer Address191', '8999896022'),
('2406374690', 'First Name75', 'Last Name75', 'Customer Address75', '8063331650'),
('2501855870', 'First Name196', 'Last Name196', 'Customer Address196', '8825512149'),
('2514556040', 'First Name67', 'Last Name67', 'Customer Address67', '3553972883'),
('2528464480', 'First Name109', 'Last Name109', 'Customer Address109', '8096908917'),
('2535674820', 'First Name143', 'Last Name143', 'Customer Address143', '6343057944'),
('2615891370', 'First Name73', 'Last Name73', 'Customer Address73', '5579909663'),
('2621380860', 'First Name42', 'Last Name42', 'Customer Address42', '7837442221'),
('2710706160', 'First Name72', 'Last Name72', 'Customer Address72', '4203512213'),
('2727616140', 'First Name83', 'Last Name83', 'Customer Address83', '2706813132'),
('2731547390', 'First Name155', 'Last Name155', 'Customer Address155', '4593498163'),
('2799283920', 'First Name131', 'Last Name131', 'Customer Address131', '1029168132'),
('2807655700', 'First Name151', 'Last Name151', 'Customer Address151', '5232156057'),
('2828400690', 'First Name68', 'Last Name68', 'Customer Address68', '8047104272'),
('2884138250', 'First Name44', 'Last Name44', 'Customer Address44', '3279004677'),
('3106411230', 'First Name96', 'Last Name96', 'Customer Address96', '5171577812'),
('3182971900', 'First Name154', 'Last Name154', 'Customer Address154', '7642877283'),
('3205066770', 'First Name126', 'Last Name126', 'Customer Address126', '7992402036'),
('3206047870', 'First Name58', 'Last Name58', 'Customer Address58', '6465311602'),
('3263004600', 'First Name76', 'Last Name76', 'Customer Address76', '7184078491'),
('3404101490', 'First Name153', 'Last Name153', 'Customer Address153', '2192853867'),
('3442372450', 'First Name169', 'Last Name169', 'Customer Address169', '9329402684'),
('3508367910', 'First Name40', 'Last Name40', 'Customer Address40', '6823101873'),
('3518767940', 'First Name41', 'Last Name41', 'Customer Address41', '7636765218'),
('3567963610', 'First Name198', 'Last Name198', 'Customer Address198', '2846988155'),
('3736228730', 'First Name62', 'Last Name62', 'Customer Address62', '1408257051'),
('3737657400', 'First Name197', 'Last Name197', 'Customer Address197', '3855775510'),
('3835496830', 'First Name47', 'Last Name47', 'Customer Address47', '4534128409'),
('3845530130', 'First Name128', 'Last Name128', 'Customer Address128', '1513735855'),
('3878815900', 'First Name179', 'Last Name179', 'Customer Address179', '7466928976'),
('3903845100', 'First Name165', 'Last Name165', 'Customer Address165', '2935527635'),
('3915997480', 'First Name115', 'Last Name115', 'Customer Address115', '5832241799'),
('3958174560', 'First Name43', 'Last Name43', 'Customer Address43', '7154135220'),
('3972747520', 'First Name21', 'Last Name21', 'Customer Address21', '7953231534'),
('3974281060', 'First Name88', 'Last Name88', 'Customer Address88', '8693485816'),
('4062724600', 'First Name24', 'Last Name24', 'Customer Address24', '7597548772'),
('4148284930', 'First Name174', 'Last Name174', 'Customer Address174', '2107253851'),
('4198766970', 'First Name93', 'Last Name93', 'Customer Address93', '2801309979'),
('4234690850', 'First Name175', 'Last Name175', 'Customer Address175', '7698723796'),
('4329281130', 'First Name63', 'Last Name63', 'Customer Address63', '9165677037'),
('4351530060', 'First Name144', 'Last Name144', 'Customer Address144', '1725038941'),
('4394042730', 'First Name161', 'Last Name161', 'Customer Address161', '3758146007'),
('4414553820', 'First Name102', 'Last Name102', 'Customer Address102', '7583683091'),
('4438340150', 'First Name176', 'Last Name176', 'Customer Address176', '6093569539'),
('4494172070', 'First Name57', 'Last Name57', 'Customer Address57', '8268908881'),
('4548155260', 'First Name141', 'Last Name141', 'Customer Address141', '2677488396'),
('4565020190', 'First Name10', 'Last Name10', 'Customer Address10', '9149373679'),
('4568648980', 'First Name167', 'Last Name167', 'Customer Address167', '4172981855'),
('4594484420', 'First Name138', 'Last Name138', 'Customer Address138', '6591868929'),
('4629951280', 'First Name71', 'Last Name71', 'Customer Address71', '1675681664'),
('4634698460', 'First Name31', 'Last Name31', 'Customer Address31', '4723962326'),
('4661283180', 'First Name120', 'Last Name120', 'Customer Address120', '5388293014'),
('4671074940', 'First Name11', 'Last Name11', 'Customer Address11', '1913032896'),
('4704131480', 'First Name50', 'Last Name50', 'Customer Address50', '7131374718'),
('4895654960', 'First Name119', 'Last Name119', 'Customer Address119', '7904705778'),
('4939621750', 'First Name125', 'Last Name125', 'Customer Address125', '1161415963'),
('4952467560', 'First Name189', 'Last Name189', 'Customer Address189', '6555848521'),
('4952695340', 'First Name148', 'Last Name148', 'Customer Address148', '3425382346'),
('5042794810', 'First Name99', 'Last Name99', 'Customer Address99', '9223253893'),
('5073711940', 'First Name187', 'Last Name187', 'Customer Address187', '5895409412'),
('5075004020', 'First Name8', 'Last Name8', 'Customer Address8', '1044054671'),
('5099383600', 'First Name98', 'Last Name98', 'Customer Address98', '6044193245'),
('5137470110', 'First Name23', 'Last Name23', 'Customer Address23', '5424572999'),
('5148516510', 'First Name61', 'Last Name61', 'Customer Address61', '3614753646'),
('5174166350', 'First Name137', 'Last Name137', 'Customer Address137', '9521329257'),
('5184608530', 'First Name139', 'Last Name139', 'Customer Address139', '5031128394'),
('5421312920', 'First Name181', 'Last Name181', 'Customer Address181', '5364979743'),
('5422118830', 'First Name147', 'Last Name147', 'Customer Address147', '4583581861'),
('5630640090', 'First Name54', 'Last Name54', 'Customer Address54', '9692697245'),
('5685100130', 'First Name171', 'Last Name171', 'Customer Address171', '1358639690'),
('5691993250', 'First Name28', 'Last Name28', 'Customer Address28', '3104927959'),
('5701760340', 'First Name48', 'Last Name48', 'Customer Address48', '7745651954'),
('5742635590', 'First Name134', 'Last Name134', 'Customer Address134', '1485108653'),
('5781913890', 'First Name146', 'Last Name146', 'Customer Address146', '5924243558'),
('5804177870', 'First Name105', 'Last Name105', 'Customer Address105', '3449024899'),
('5890698900', 'First Name87', 'Last Name87', 'Customer Address87', '6465687359'),
('5909880190', 'First Name158', 'Last Name158', 'Customer Address158', '9503976452'),
('5955082750', 'First Name94', 'Last Name94', 'Customer Address94', '4018604756'),
('5975524250', 'First Name85', 'Last Name85', 'Customer Address85', '5675461458'),
('6062658220', 'First Name22', 'Last Name22', 'Customer Address22', '1487494035'),
('6069644650', 'First Name117', 'Last Name117', 'Customer Address117', '9501724156'),
('6165870410', 'First Name162', 'Last Name162', 'Customer Address162', '8394853947'),
('6173167460', 'First Name157', 'Last Name157', 'Customer Address157', '1289201196'),
('6234164790', 'First Name185', 'Last Name185', 'Customer Address185', '9589557399'),
('6239815810', 'First Name90', 'Last Name90', 'Customer Address90', '2688018182'),
('6250446620', 'First Name2', 'Last Name2', 'Customer Address2', '5611177843'),
('6253694750', 'First Name166', 'Last Name166', 'Customer Address166', '4934429446'),
('6273109890', 'First Name180', 'Last Name180', 'Customer Address180', '8368331044'),
('6332781830', 'First Name80', 'Last Name80', 'Customer Address80', '8072115353'),
('6375620640', 'First Name89', 'Last Name89', 'Customer Address89', '1673743680'),
('6383374130', 'First Name5', 'Last Name5', 'Customer Address5', '9214122362'),
('6410479010', 'First Name81', 'Last Name81', 'Customer Address81', '1379829887'),
('6433961400', 'First Name164', 'Last Name164', 'Customer Address164', '6323433199'),
('6440616120', 'First Name59', 'Last Name59', 'Customer Address59', '5042274170'),
('6441705670', 'First Name133', 'Last Name133', 'Customer Address133', '2757684685'),
('6570555990', 'First Name56', 'Last Name56', 'Customer Address56', '8219726382'),
('6572162870', 'First Name4', 'Last Name4', 'Customer Address4', '6883683377'),
('6659851620', 'First Name15', 'Last Name15', 'Customer Address15', '4354196966'),
('6765301290', 'First Name110', 'Last Name110', 'Customer Address110', '1586338701'),
('6888791840', 'First Name100', 'Last Name100', 'Customer Address100', '8931139619'),
('6901621660', 'First Name60', 'Last Name60', 'Customer Address60', '8727457131'),
('7072621280', 'First Name163', 'Last Name163', 'Customer Address163', '3087068666'),
('7157032030', 'First Name30', 'Last Name30', 'Customer Address30', '2899347137'),
('7159968260', 'First Name52', 'Last Name52', 'Customer Address52', '8891866482'),
('7161289480', 'First Name130', 'Last Name130', 'Customer Address130', '3029499851'),
('7179732650', 'First Name12', 'Last Name12', 'Customer Address12', '1833717821'),
('7237759990', 'First Name29', 'Last Name29', 'Customer Address29', '1912637609'),
('7256732740', 'First Name182', 'Last Name182', 'Customer Address182', '7487346857'),
('7327539450', 'First Name140', 'Last Name140', 'Customer Address140', '1751126614'),
('7370893080', 'First Name78', 'Last Name78', 'Customer Address78', '2167196520'),
('7405659120', 'First Name95', 'Last Name95', 'Customer Address95', '5199505756'),
('7422850030', 'First Name199', 'Last Name199', 'Customer Address199', '1103692611'),
('7479775790', 'First Name159', 'Last Name159', 'Customer Address159', '6979419136'),
('7515178840', 'First Name79', 'Last Name79', 'Customer Address79', '1061783335'),
('7550507350', 'First Name65', 'Last Name65', 'Customer Address65', '6726259156'),
('7580893060', 'First Name194', 'Last Name194', 'Customer Address194', '4741073032'),
('7603299480', 'First Name150', 'Last Name150', 'Customer Address150', '5898398294'),
('7669612380', 'First Name66', 'Last Name66', 'Customer Address66', '7871609527'),
('7710795310', 'First Name18', 'Last Name18', 'Customer Address18', '3055541710'),
('7752717790', 'First Name149', 'Last Name149', 'Customer Address149', '7113209938'),
('7844310330', 'First Name193', 'Last Name193', 'Customer Address193', '8666054605'),
('7878897850', 'First Name7', 'Last Name7', 'Customer Address7', '7538503238'),
('7941166520', 'First Name177', 'Last Name177', 'Customer Address177', '5124146647'),
('8054597800', 'First Name145', 'Last Name145', 'Customer Address145', '9452271106'),
('8099034860', 'First Name124', 'Last Name124', 'Customer Address124', '6879627568'),
('8217513600', 'First Name33', 'Last Name33', 'Customer Address33', '5245582523'),
('8219466860', 'First Name91', 'Last Name91', 'Customer Address91', '1076997999'),
('8237524090', 'First Name38', 'Last Name38', 'Customer Address38', '6405877053'),
('8318189040', 'First Name107', 'Last Name107', 'Customer Address107', '8866661658'),
('8360488900', 'First Name129', 'Last Name129', 'Customer Address129', '9858211883'),
('8449444880', 'First Name74', 'Last Name74', 'Customer Address74', '6777577129'),
('8455858240', 'First Name25', 'Last Name25', 'Customer Address25', '3782404379'),
('8470386200', 'First Name49', 'Last Name49', 'Customer Address49', '1494198560'),
('8559244090', 'First Name6', 'Last Name6', 'Customer Address6', '7964526329'),
('8618196840', 'First Name173', 'Last Name173', 'Customer Address173', '1161898078'),
('8627113060', 'First Name136', 'Last Name136', 'Customer Address136', '2592785473'),
('8672962660', 'First Name122', 'Last Name122', 'Customer Address122', '6917645898'),
('8697159470', 'First Name183', 'Last Name183', 'Customer Address183', '6199521041'),
('8718662350', 'First Name34', 'Last Name34', 'Customer Address34', '7921776993'),
('8752754770', 'First Name121', 'Last Name121', 'Customer Address121', '7051807171'),
('8763313190', 'First Name14', 'Last Name14', 'Customer Address14', '4561332205'),
('8801401840', 'First Name26', 'Last Name26', 'Customer Address26', '9514055273'),
('8867657980', 'First Name103', 'Last Name103', 'Customer Address103', '8857604352'),
('8907783910', 'First Name111', 'Last Name111', 'Customer Address111', '1632596119'),
('8952819450', 'First Name84', 'Last Name84', 'Customer Address84', '5276185568'),
('9045191730', 'First Name69', 'Last Name69', 'Customer Address69', '5551239818'),
('9048245130', 'First Name9', 'Last Name9', 'Customer Address9', '5559816855'),
('9054121900', 'First Name113', 'Last Name113', 'Customer Address113', '8708284772'),
('9074763910', 'First Name53', 'Last Name53', 'Customer Address53', '5383142901'),
('9141206640', 'First Name92', 'Last Name92', 'Customer Address92', '6221811973'),
('9183130290', 'First Name32', 'Last Name32', 'Customer Address32', '9809909106'),
('9188101030', 'First Name1', 'Last Name1', 'Customer Address1', '3285598304'),
('9196855770', 'First Name178', 'Last Name178', 'Customer Address178', '5236437866'),
('9204114680', 'First Name160', 'Last Name160', 'Customer Address160', '4524727182'),
('9220181380', 'First Name118', 'Last Name118', 'Customer Address118', '5625263615'),
('9253259320', 'First Name86', 'Last Name86', 'Customer Address86', '5411508773'),
('9271201200', 'First Name188', 'Last Name188', 'Customer Address188', '4898546904'),
('9272038960', 'First Name104', 'Last Name104', 'Customer Address104', '5594345211'),
('9363672680', 'First Name152', 'Last Name152', 'Customer Address152', '5371292500'),
('9386938170', 'First Name36', 'Last Name36', 'Customer Address36', '7137933009'),
('9388063160', 'First Name27', 'Last Name27', 'Customer Address27', '3957229536'),
('9456536750', 'First Name17', 'Last Name17', 'Customer Address17', '2517341771'),
('9496367620', 'First Name123', 'Last Name123', 'Customer Address123', '8753298208'),
('9500627550', 'First Name13', 'Last Name13', 'Customer Address13', '1955503458'),
('9501433100', 'First Name192', 'Last Name192', 'Customer Address192', '9044313711'),
('9516427090', 'First Name170', 'Last Name170', 'Customer Address170', '4704596136'),
('9525449130', 'First Name190', 'Last Name190', 'Customer Address190', '3594954337'),
('9579234740', 'First Name172', 'Last Name172', 'Customer Address172', '4861987760'),
('9620350100', 'First Name46', 'Last Name46', 'Customer Address46', '5063285112'),
('9662614350', 'First Name51', 'Last Name51', 'Customer Address51', '7244425135'),
('9680819400', 'First Name3', 'Last Name3', 'Customer Address3', '6364414430'),
('9681462750', 'First Name16', 'Last Name16', 'Customer Address16', '8773384775'),
('9781979020', 'First Name112', 'Last Name112', 'Customer Address112', '2636295670'),
('9901401010', 'First Name97', 'Last Name97', 'Customer Address97', '5383713666'),
('9931443100', 'First Name70', 'Last Name70', 'Customer Address70', '3431367103'),
('9961377040', 'First Name114', 'Last Name114', 'Customer Address114', '6868659815'),
('9965109360', 'First Name19', 'Last Name19', 'Customer Address19', '7001373008');

-- --------------------------------------------------------

--
-- Table structure for table `employee`
--

CREATE TABLE `employee` (
  `SSN` char(9) NOT NULL,
  `GarageID` char(10) NOT NULL,
  `FirstName` varchar(16) NOT NULL,
  `LastName` varchar(24) NOT NULL,
  `DateOfHire` date DEFAULT NULL,
  `Salary` int(11) DEFAULT NULL
) ENGINE=InnoDB DEFAULT CHARSET=latin1;

--
-- Dumping data for table `employee`
--

INSERT INTO `employee` (`SSN`, `GarageID`, `FirstName`, `LastName`, `DateOfHire`, `Salary`) VALUES
('120811922', '3883926560', 'First Name', 'Last Name', '1979-02-09', 73138),
('150488723', '9560261980', 'First Name', 'Last Name', '2001-12-18', 54556),
('176486304', '1640412990', 'First Name', 'Last Name', '1997-04-15', 53204),
('189185380', '7254453180', 'First Name', 'Last Name', '1933-05-09', 51853),
('220314329', '2329098850', 'First Name', 'Last Name', '1975-04-08', 60030),
('231006079', '5230171730', 'First Name', 'Last Name', '1908-02-23', 70360),
('232800727', '6475419480', 'First Name', 'Last Name', '2004-01-14', 71464),
('235464040', '6941959120', 'First Name', 'Last Name', '2013-02-04', 65372),
('273021537', '5230171730', 'First Name', 'Last Name', '1947-08-10', 59981),
('290218495', '8432419700', 'First Name', 'Last Name', '1962-02-23', 58891),
('326779865', '9560261980', 'First Name', 'Last Name', '1929-06-08', 50299),
('328136370', '5930316830', 'First Name', 'Last Name', '1990-12-13', 67272),
('332343413', '1462399610', 'First Name', 'Last Name', '1930-07-20', 74082),
('414044558', '1492252800', 'First Name', 'Last Name', '1939-05-02', 63201),
('421488082', '8760084250', 'First Name', 'Last Name', '1964-04-21', 62277),
('434857267', '7936930930', 'First Name', 'Last Name', '1935-02-01', 54939),
('437172115', '2428289840', 'First Name', 'Last Name', '1984-04-01', 58413),
('461474570', '5542906620', 'First Name', 'Last Name', '1929-08-22', 73985),
('465477019', '7138095360', 'First Name', 'Last Name', '1914-06-27', 67750),
('468359794', '1549198950', 'First Name', 'Last Name', '1931-04-14', 54953),
('499918933', '8334684640', 'First Name', 'Last Name', '1922-06-05', 55525),
('500137736', '1492252800', 'First Name', 'Last Name', '1954-05-26', 74881),
('529889742', '7138095360', 'First Name', 'Last Name', '1936-09-08', 58813),
('530003003', '3249976510', 'First Name', 'Last Name', '1928-04-02', 55295),
('539330590', '6941959120', 'First Name', 'Last Name', '1999-10-23', 70521),
('542945982', '3249976510', 'First Name', 'Last Name', '1922-06-11', 61016),
('543442666', '8741461260', 'First Name', 'Last Name', '1904-08-16', 59257),
('553206123', '7270883450', 'First Name', 'Last Name', '2009-11-24', 67726),
('558237634', '9195372110', 'First Name', 'Last Name', '1921-11-09', 74962),
('601316701', '6212832010', 'First Name', 'Last Name', '1916-04-17', 67820),
('605256272', '1462399610', 'First Name', 'Last Name', '1977-01-26', 62891),
('619238533', '2724946700', 'First Name', 'Last Name', '1976-06-18', 55282),
('643819685', '6475419480', 'First Name', 'Last Name', '1935-09-07', 57177),
('647743586', '9126034270', 'First Name', 'Last Name', '1965-05-05', 73129),
('669227933', '8760084250', 'First Name', 'Last Name', '1926-09-27', 69969),
('673163724', '8432419700', 'First Name', 'Last Name', '1945-01-04', 56147),
('703255737', '1640412990', 'First Name', 'Last Name', '2008-05-05', 62374),
('710024568', '2724946700', 'First Name', 'Last Name', '1911-10-04', 61954),
('710311186', '6878437120', 'First Name', 'Last Name', '1979-10-25', 54886),
('722351693', '5930316830', 'First Name', 'Last Name', '1943-06-16', 66205),
('723903127', '9856638640', 'First Name', 'Last Name', '1964-05-25', 56554),
('737486728', '1549198950', 'First Name', 'Last Name', '1922-06-11', 61607),
('737684984', '4165726660', 'First Name', 'Last Name', '2006-02-23', 62322),
('746010552', '9195372110', 'First Name', 'Last Name', '1902-09-28', 56247),
('752134963', '3355454190', 'First Name', 'Last Name', '1918-11-07', 60071),
('752138288', '8741461260', 'First Name', 'Last Name', '2015-01-13', 62884),
('754579143', '2376868690', 'First Name', 'Last Name', '1998-09-23', 52331),
('768457441', '1214811220', 'First Name', 'Last Name', '1996-03-26', 70435),
('772818617', '7270883450', 'First Name', 'Last Name', '1962-10-19', 66930),
('773422259', '2329098850', 'First Name', 'Last Name', '1953-03-07', 59766),
('822228791', '3355454190', 'First Name', 'Last Name', '1993-09-07', 53195),
('829977570', '2428289840', 'First Name', 'Last Name', '1980-12-05', 68241),
('833071090', '1214811220', 'First Name', 'Last Name', '1941-12-25', 53564),
('839100157', '5542906620', 'First Name', 'Last Name', '1954-03-19', 73193),
('854244840', '3883926560', 'First Name', 'Last Name', '1958-01-06', 52678),
('857250586', '6878437120', 'First Name', 'Last Name', '1915-06-18', 69517),
('906351298', '9126034270', 'First Name', 'Last Name', '1941-08-03', 70944),
('912850605', '7936930930', 'First Name', 'Last Name', '1907-06-27', 73473),
('916213084', '4165726660', 'First Name', 'Last Name', '1959-12-10', 53649),
('916622904', '9856638640', 'First Name', 'Last Name', '2010-06-25', 55004),
('925153566', '7254453180', 'First Name', 'Last Name', '2016-10-13', 51909),
('950360828', '6212832010', 'First Name', 'Last Name', '1955-05-14', 61323),
('973306041', '2376868690', 'First Name', 'Last Name', '2008-01-16', 64444),
('978087259', '8334684640', 'First Name', 'Last Name', '1973-08-22', 58001);

-- --------------------------------------------------------

--
-- Table structure for table `fleet`
--

CREATE TABLE `fleet` (
  `FleetID` char(10) NOT NULL,
  `Company_TaxID` char(10) NOT NULL,
  `GarageID` char(10) NOT NULL,
  `ROS` smallint(6) DEFAULT NULL
) ENGINE=InnoDB DEFAULT CHARSET=latin1;

--
-- Dumping data for table `fleet`
--

INSERT INTO `fleet` (`FleetID`, `Company_TaxID`, `GarageID`, `ROS`) VALUES
('1368795270', '3405260250', '7936930930', 24),
('1402442130', '9919249060', '1492252800', 26),
('1568687100', '8166363500', '2428289840', 23),
('1884150710', '2734104870', '7254453180', 17),
('2031934400', '8334064770', '2329098850', 42),
('2522537300', '6962593290', '7270883450', 27),
('3130351420', '7843132380', '6878437120', 30),
('3200980300', '1894763470', '3355454190', 30),
('3573483610', '2918249160', '9195372110', 41),
('3968090450', '9757000650', '9126034270', 38),
('4021582250', '7162847370', '9856638640', 49),
('4118385650', '8273673360', '6475419480', 29),
('4457341160', '8520662050', '8334684640', 43),
('4677080340', '3867524370', '1640412990', 35),
('4806698290', '9897771970', '6212832010', 41),
('5953520130', '6795490950', '4165726660', 19),
('6145401140', '3293761050', '9560261980', 18),
('6510168810', '8091352410', '3249976510', 35),
('6510468940', '5824370600', '5230171730', 34),
('6544019880', '9134773970', '5930316830', 47),
('6759659260', '7884538500', '1549198950', 47),
('6844822150', '2775573510', '5542906620', 37),
('7014766950', '9858154320', '1214811220', 45),
('7204999280', '9137320750', '3883926560', 31),
('7348063080', '8087865230', '2724946700', 12),
('8264706180', '9003695350', '7138095360', 45),
('8297325620', '4815984600', '2376868690', 14),
('9029062600', '1097561230', '1462399610', 37),
('9099395750', '6139192010', '6941959120', 15),
('9384040510', '1978532260', '8741461260', 30),
('9631097420', '7431193640', '8432419700', 35),
('9968358200', '2858246300', '8760084250', 31);

-- --------------------------------------------------------

--
-- Table structure for table `foreman`
--

CREATE TABLE `foreman` (
  `SSN` char(9) NOT NULL,
  `LicenseNumber` char(8) NOT NULL,
  `DateOfLastTraining` date DEFAULT NULL
) ENGINE=InnoDB DEFAULT CHARSET=latin1;

--
-- Dumping data for table `foreman`
--

INSERT INTO `foreman` (`SSN`, `LicenseNumber`, `DateOfLastTraining`) VALUES
('150488723', '96659155', '2002-10-03'),
('220314329', '70208661', '2017-08-15'),
('232800727', '38435015', '2003-07-22'),
('235464040', '20133735', '2009-12-12'),
('273021537', '37848633', '2017-03-01'),
('414044558', '92168198', '1999-06-01'),
('437172115', '50190376', '2002-10-04'),
('461474570', '84897668', '2017-05-01'),
('468359794', '90774027', '1997-08-26'),
('529889742', '13930833', '2018-01-27'),
('530003003', '10661845', '2005-08-10'),
('543442666', '11920268', '2015-07-18'),
('553206123', '90734668', '2006-06-02'),
('558237634', '61096504', '2002-04-09'),
('601316701', '90163987', '2002-03-08'),
('605256272', '69546202', '2012-12-28'),
('669227933', '78351311', '1998-05-22'),
('673163724', '98161042', '2014-09-24'),
('703255737', '55511232', '2006-03-19'),
('710024568', '77429672', '2014-01-21'),
('722351693', '45199858', '2009-08-06'),
('723903127', '80163499', '1999-01-09'),
('768457441', '81570650', '2018-10-14'),
('822228791', '76589326', '2015-12-04'),
('854244840', '78406830', '1997-10-07'),
('857250586', '34120986', '2001-06-03'),
('906351298', '24734078', '2014-03-24'),
('912850605', '13615990', '2004-10-14'),
('916213084', '71310454', '2000-02-14'),
('925153566', '11687034', '2010-10-18'),
('973306041', '74757193', '2003-02-24'),
('978087259', '96529527', '2003-12-24');

-- --------------------------------------------------------

--
-- Table structure for table `garage`
--

CREATE TABLE `garage` (
  `GarageID` char(10) NOT NULL,
  `Company_TaxID` char(10) NOT NULL,
  `Address` varchar(300) NOT NULL,
  `VehicleCapacity` smallint(6) DEFAULT NULL
) ENGINE=InnoDB DEFAULT CHARSET=latin1;

--
-- Dumping data for table `garage`
--

INSERT INTO `garage` (`GarageID`, `Company_TaxID`, `Address`, `VehicleCapacity`) VALUES
('1214811220', '9858154320', 'Garage Address 5', 50),
('1462399610', '1097561230', 'Garage Address 21', 50),
('1492252800', '9919249060', 'Garage Address 1', 50),
('1549198950', '7884538500', 'Garage Address 13', 50),
('1640412990', '3867524370', 'Garage Address 9', 50),
('2329098850', '8334064770', 'Garage Address 28', 50),
('2376868690', '4815984600', 'Garage Address 29', 50),
('2428289840', '8166363500', 'Garage Address 16', 50),
('2724946700', '8087865230', 'Garage Address 15', 50),
('3249976510', '8091352410', 'Garage Address 11', 50),
('3355454190', '1894763470', 'Garage Address 24', 50),
('3883926560', '9137320750', 'Garage Address 30', 50),
('4165726660', '6795490950', 'Garage Address 31', 50),
('5230171730', '5824370600', 'Garage Address 17', 50),
('5542906620', '2775573510', 'Garage Address 27', 50),
('5930316830', '9134773970', 'Garage Address 26', 50),
('6212832010', '9897771970', 'Garage Address 3', 50),
('6475419480', '8273673360', 'Garage Address 2', 50),
('6878437120', '7843132380', 'Garage Address 18', 50),
('6941959120', '6139192010', 'Garage Address 22', 50),
('7138095360', '9003695350', 'Garage Address 23', 50),
('7254453180', '2734104870', 'Garage Address 0', 50),
('7270883450', '6962593290', 'Garage Address 7', 50),
('7936930930', '3405260250', 'Garage Address 14', 50),
('8334684640', '8520662050', 'Garage Address 25', 50),
('8432419700', '7431193640', 'Garage Address 10', 50),
('8741461260', '1978532260', 'Garage Address 8', 50),
('8760084250', '2858246300', 'Garage Address 20', 50),
('9126034270', '9757000650', 'Garage Address 19', 50),
('9195372110', '2918249160', 'Garage Address 6', 50),
('9560261980', '3293761050', 'Garage Address 12', 50),
('9856638640', '7162847370', 'Garage Address 4', 50);

-- --------------------------------------------------------

--
-- Table structure for table `maintains`
--

CREATE TABLE `maintains` (
  `MechSSN` char(9) NOT NULL,
  `VehicleVIN` char(17) NOT NULL
) ENGINE=InnoDB DEFAULT CHARSET=latin1;

--
-- Dumping data for table `maintains`
--

INSERT INTO `maintains` (`MechSSN`, `VehicleVIN`) VALUES
('189185380', '29758169641396706'),
('189185380', '89604248275502887'),
('189185380', '88607641150880651'),
('189185380', '31537956483480810'),
('189185380', '78684453295206321'),
('189185380', '12731785323963525'),
('189185380', '99547732980784802'),
('189185380', '16853744433536686'),
('189185380', '75467331751942145'),
('189185380', '55947773341448810'),
('189185380', '59911806579338320'),
('189185380', '56842356312658822'),
('189185380', '35722096784265850'),
('189185380', '16063852161880512'),
('189185380', '18243983526511044'),
('189185380', '42221105949526356'),
('189185380', '79507839166682470'),
('189185380', '93260260842666296'),
('189185380', '13533358045059768'),
('189185380', '74955082649593818'),
('189185380', '59837734056069417'),
('189185380', '99633377179482303'),
('189185380', '52294763031400103'),
('189185380', '94047603292288375'),
('189185380', '18404974931944732'),
('189185380', '19050005043603746'),
('189185380', '33787294333583729'),
('189185380', '73370325673879267'),
('189185380', '34003828889158608'),
('189185380', '29327428817370350'),
('189185380', '60612704646648121'),
('189185380', '20213125078525311'),
('189185380', '87259949584842561'),
('189185380', '70814852749320753'),
('189185380', '90539310573974874'),
('189185380', '13009241531422234'),
('189185380', '66856464681538592'),
('189185380', '14445956789914777'),
('189185380', '12438097947599452'),
('189185380', '27404102837825187'),
('189185380', '47452031979456005'),
('189185380', '97264017231584696'),
('189185380', '34696154690659325'),
('189185380', '11486589690012789'),
('189185380', '37934384222766468'),
('189185380', '74290106463116418'),
('189185380', '88388653451349068'),
('189185380', '63589441060987543'),
('189185380', '40537584877748306'),
('189185380', '62411569488058779'),
('500137736', '89844080579870147'),
('500137736', '79590859288873524'),
('500137736', '76673558244428880'),
('500137736', '34712089649993878'),
('500137736', '28028416997919806'),
('500137736', '31112270819575704'),
('500137736', '54088173468149305'),
('500137736', '52346338434073676'),
('500137736', '21402539584257511'),
('500137736', '81407593997306351'),
('500137736', '72149407453188642'),
('500137736', '65681275754237825'),
('500137736', '56573046149819142'),
('500137736', '72077254173062408'),
('500137736', '17709967877235154'),
('500137736', '66982888578974992'),
('500137736', '47160329111718226'),
('500137736', '71015582050053787'),
('500137736', '23058903033079967'),
('500137736', '73421221015374659'),
('500137736', '75848626677280132'),
('500137736', '10213096332436041'),
('500137736', '99986590662434039'),
('500137736', '81598254631538708'),
('500137736', '95561378186999311'),
('500137736', '11185617449491892'),
('500137736', '89934719156232084'),
('500137736', '63172291561181786'),
('500137736', '37121211118991293'),
('500137736', '25889970581634587'),
('500137736', '79587620276187581'),
('500137736', '75459144781446812'),
('500137736', '70607339547130308'),
('500137736', '62011511667272078'),
('500137736', '44083640853700861'),
('500137736', '11134607665596648'),
('500137736', '25914281660620018'),
('500137736', '73471533170674566'),
('500137736', '16284933544497617'),
('500137736', '17344269216315299'),
('500137736', '24744203774239007'),
('500137736', '39903039550528935'),
('500137736', '80241383850588165'),
('500137736', '56645940262861738'),
('500137736', '51431304865934293'),
('500137736', '72681235716842085'),
('500137736', '60119072255288051'),
('500137736', '90266514056266723'),
('500137736', '63600109391805301'),
('500137736', '89870515820271306'),
('643819685', '32436043962128618'),
('643819685', '48149320531147743'),
('643819685', '95700586147827344'),
('643819685', '48162576062813198'),
('643819685', '49457808194511438'),
('643819685', '20199613830539494'),
('643819685', '98941524912907817'),
('643819685', '46530682842073765'),
('643819685', '85052350439923452'),
('643819685', '19004971011397035'),
('643819685', '10059588859049941'),
('643819685', '43913046153070808'),
('643819685', '21189139280430037'),
('643819685', '86114054533126100'),
('643819685', '38715016641518049'),
('643819685', '21763598461685699'),
('643819685', '63588917710001141'),
('643819685', '41701314719629687'),
('643819685', '39095936454955021'),
('643819685', '21771390682485236'),
('643819685', '78790831379000952'),
('643819685', '21126835246932468'),
('643819685', '35541768660396652'),
('643819685', '99450214070675182'),
('643819685', '82100659126884518'),
('643819685', '91519694643454191'),
('643819685', '74662250733059334'),
('643819685', '65637916363425689'),
('643819685', '66518771465795117'),
('643819685', '47069833198450597'),
('643819685', '77532045341646611'),
('643819685', '10220324799724819'),
('643819685', '36818595940344025'),
('643819685', '33207545376025089'),
('643819685', '85082037856726790'),
('643819685', '65607513370269792'),
('643819685', '60456257562379770'),
('643819685', '27281428597436712'),
('643819685', '27786793818477935'),
('643819685', '41640597499696777'),
('643819685', '47939197564016831'),
('643819685', '46714641573189685'),
('643819685', '47163805162778197'),
('643819685', '58695094492678381'),
('643819685', '99666453657594114'),
('643819685', '34926082868587091'),
('643819685', '71453565669238612'),
('643819685', '51772321263084139'),
('643819685', '14075479367571470'),
('643819685', '30547169312066022'),
('950360828', '71140584095332080'),
('950360828', '85333111911502748'),
('950360828', '33190167946647857'),
('950360828', '76646552564703755'),
('950360828', '21703948267266464'),
('950360828', '46528631640965823'),
('950360828', '66362025726597697'),
('950360828', '53794274571794342'),
('950360828', '81152059910681270'),
('950360828', '63320869593691509'),
('950360828', '21131171193472315'),
('950360828', '63853448163342212'),
('950360828', '98499688152616639'),
('950360828', '43760826893082208'),
('950360828', '41706137246901266'),
('950360828', '80381781979704172'),
('950360828', '56386494360509934'),
('950360828', '23405302075064304'),
('950360828', '90571210574253766'),
('950360828', '66456789381433458'),
('950360828', '56514707534219364'),
('950360828', '29503529251148690'),
('950360828', '77177270652383277'),
('950360828', '91607780388639262'),
('950360828', '60499625493255764'),
('950360828', '83172907852319494'),
('950360828', '49556934642578744'),
('950360828', '96344282144872396'),
('950360828', '41080176233522725'),
('950360828', '24308316878024338'),
('950360828', '40026987478183833'),
('950360828', '45514745113682552'),
('950360828', '29427720485921988'),
('950360828', '98432533438143070'),
('950360828', '94900909719120951'),
('950360828', '40410974552564875'),
('950360828', '93519862933175083'),
('950360828', '30095569757852834'),
('950360828', '30331571473269650'),
('950360828', '34152912059023323'),
('950360828', '30212005561143886'),
('950360828', '33768681395785931'),
('950360828', '42038883911299499'),
('950360828', '25445003976925542'),
('950360828', '19742915556801874'),
('950360828', '10454175714792893'),
('950360828', '75749519629145322'),
('950360828', '32289555288208789'),
('950360828', '15951605776814531'),
('950360828', '46445043321976736'),
('916622904', '77685548810838130'),
('916622904', '79674094055318673'),
('916622904', '98461282788431454'),
('916622904', '79818809690455353'),
('916622904', '40386092913867950'),
('916622904', '93618897273522236'),
('916622904', '14502239098074406'),
('916622904', '20337939989537529'),
('916622904', '18530924499655153'),
('916622904', '48277525389434203'),
('916622904', '67898955512624660'),
('916622904', '19454452672664109'),
('916622904', '72257098873044778'),
('916622904', '73027286792729963'),
('916622904', '91037810033969607'),
('916622904', '19079354563569286'),
('916622904', '21719595597013721'),
('916622904', '22668230942091108'),
('916622904', '62360220748862822'),
('916622904', '50677859720658097'),
('916622904', '46344109271993566'),
('916622904', '45968402273939170'),
('916622904', '77092112263583309'),
('916622904', '90089251327574621'),
('916622904', '45354959693362212'),
('916622904', '35849733693460355'),
('916622904', '82524103716248874'),
('916622904', '48245653344351497'),
('916622904', '82733308025745369'),
('916622904', '98503086351809001'),
('916622904', '71197812148945190'),
('916622904', '33676857298384791'),
('916622904', '59770700788794330'),
('916622904', '48652589261199579'),
('916622904', '95832205017076245'),
('916622904', '69338722017769352'),
('916622904', '11830128546069398'),
('916622904', '74058573510856934'),
('916622904', '38739928194523496'),
('916622904', '43890609391258228'),
('916622904', '62811656936558653'),
('916622904', '14155043581491714'),
('916622904', '95837092420320263'),
('916622904', '56072626729275802'),
('916622904', '91141884847199683'),
('916622904', '65461745834102662'),
('916622904', '11140952315604425'),
('916622904', '90296436539017756'),
('916622904', '54866265284547314'),
('916622904', '10092571350479722'),
('833071090', '11878476278606721'),
('833071090', '11963690753712077'),
('833071090', '80620601894443183'),
('833071090', '33301130657791730'),
('833071090', '66994840290363548'),
('833071090', '72364090961593694'),
('833071090', '61892798620193490'),
('833071090', '91561006818089635'),
('833071090', '12954300754712297'),
('833071090', '85280475354061517'),
('833071090', '16058191252349073'),
('833071090', '14172323985441043'),
('833071090', '20267042692933916'),
('833071090', '10641173684840032'),
('833071090', '47181553196707393'),
('833071090', '78817920958734092'),
('833071090', '62153996396151527'),
('833071090', '14710306932758702'),
('833071090', '12526189491618869'),
('833071090', '64861520126948462'),
('833071090', '23177745717275563'),
('833071090', '11394590719990871'),
('833071090', '25095183841080445'),
('833071090', '57486981655888555'),
('833071090', '30521039158905020'),
('833071090', '25270565025259978'),
('833071090', '52352257936437078'),
('833071090', '11021836161008690'),
('833071090', '73885555074151096'),
('833071090', '33899099147624293'),
('833071090', '82529384186787337'),
('833071090', '50969923940032389'),
('833071090', '81712013863843580'),
('833071090', '64894397450992497'),
('833071090', '14625580156402076'),
('833071090', '81397136611577603'),
('833071090', '41588750286012040'),
('833071090', '52052613942500882'),
('833071090', '36336086566615646'),
('833071090', '47370875331947007'),
('833071090', '71319397671902957'),
('833071090', '54620575159298999'),
('833071090', '45723402999736896'),
('833071090', '21148005631627242'),
('833071090', '44161356347100647'),
('833071090', '54498022178144063'),
('833071090', '97451374693552705'),
('833071090', '55737679975863250'),
('833071090', '57225194776563882'),
('833071090', '67817149920495499'),
('746010552', '42850877076959594'),
('746010552', '60334609049933635'),
('746010552', '45941180338571839'),
('746010552', '69931118812529439'),
('746010552', '64970296680159408'),
('746010552', '68924938189450201'),
('746010552', '79852667114692087'),
('746010552', '96368616564659087'),
('746010552', '15086385636692925'),
('746010552', '26111078249139647'),
('746010552', '85787011850939984'),
('746010552', '66774411348750331'),
('746010552', '85910757049360654'),
('746010552', '12883430680137614'),
('746010552', '93683312849293016'),
('746010552', '74256267053263004'),
('746010552', '48924559247792961'),
('746010552', '19686143625835044'),
('746010552', '48022176918655196'),
('746010552', '48896443847026713'),
('746010552', '98908701662082076'),
('746010552', '54680624539764154'),
('746010552', '53906299410235869'),
('746010552', '41461415561276210'),
('746010552', '67809154664476376'),
('746010552', '71604695535895949'),
('746010552', '71381643434113812'),
('746010552', '61556341966924698'),
('746010552', '52586740949662805'),
('746010552', '44056949222043629'),
('746010552', '94567512841501721'),
('746010552', '83621182129844609'),
('746010552', '47647987673626091'),
('746010552', '81404934630825887'),
('746010552', '13579832610907804'),
('746010552', '24253274851153793'),
('746010552', '41838444641473906'),
('746010552', '35822517329841401'),
('746010552', '37085453826010347'),
('746010552', '65366551322171129'),
('746010552', '22802122435954924'),
('746010552', '20205841823340616'),
('746010552', '11616366068617723'),
('746010552', '49660500594809105'),
('746010552', '67770455940672180'),
('746010552', '82898997781753153'),
('746010552', '10501120361580505'),
('746010552', '97772331317711843'),
('746010552', '49541477555206983'),
('746010552', '37279624862938902'),
('772818617', '60436902753953952'),
('772818617', '40323698366425676'),
('772818617', '49544643583519052'),
('772818617', '32311312539978243'),
('772818617', '27329095754078297'),
('772818617', '92848773492305306'),
('772818617', '46459045062076445'),
('772818617', '44163836664701456'),
('772818617', '65066273755550880'),
('772818617', '77303267469712128'),
('772818617', '18862449150194189'),
('772818617', '78933846663979773'),
('772818617', '71377026026308346'),
('772818617', '20504484554352328'),
('772818617', '83835942032023461'),
('772818617', '82367851197060204'),
('772818617', '43831081012218735'),
('772818617', '77440291617330844'),
('772818617', '90333661577533572'),
('772818617', '64295871056923593'),
('772818617', '26400651763702455'),
('772818617', '75910355159663340'),
('772818617', '96449422168666804'),
('772818617', '13228401746780078'),
('772818617', '92788987146957747'),
('772818617', '98425839630591817'),
('772818617', '93471743216621686'),
('772818617', '30250849594388435'),
('772818617', '56961625310360434'),
('772818617', '77694159060090534'),
('772818617', '86816095766933019'),
('772818617', '60968831431895526'),
('772818617', '13981828031539317'),
('772818617', '83353297271427396'),
('772818617', '34557957590667524'),
('772818617', '59814324567339346'),
('772818617', '95355240641497797'),
('772818617', '49895542413562008'),
('772818617', '18362492742641709'),
('772818617', '72516790475843920'),
('772818617', '62629782258958895'),
('772818617', '18933431725515106'),
('772818617', '59116454471094095'),
('772818617', '69975081533856604'),
('772818617', '80975329620854991'),
('772818617', '93111069815635063'),
('772818617', '60515206877706685'),
('772818617', '60135025998538037'),
('772818617', '60883765813565257'),
('772818617', '64051846837915729'),
('752138288', '48242485272271116'),
('752138288', '63784251696612337'),
('752138288', '10983453874122882'),
('752138288', '12759029275185844'),
('752138288', '70202766722632627'),
('752138288', '25419974342619841'),
('752138288', '88253244851170850'),
('752138288', '47848542425093804'),
('752138288', '84525983957820583'),
('752138288', '21527059685586990'),
('752138288', '53649628061939144'),
('752138288', '94893661489352534'),
('752138288', '96761437220486980'),
('752138288', '55722853765637703'),
('752138288', '41326641643947912'),
('752138288', '98999253199687806'),
('752138288', '75812655533924911'),
('752138288', '73281913468017857'),
('752138288', '98231713168510265'),
('752138288', '32498530655349277'),
('752138288', '29737146359026757'),
('752138288', '86547895431389279'),
('752138288', '57901536627415031'),
('752138288', '50378262466897107'),
('752138288', '87544769047567311'),
('752138288', '87671492630071856'),
('752138288', '27760719384413864'),
('752138288', '47688693239267996'),
('752138288', '41575716620159920'),
('752138288', '95982479376172230'),
('752138288', '43141845819318876'),
('752138288', '55782362143852971'),
('752138288', '76923874230134114'),
('752138288', '84110551767234725'),
('752138288', '43599171254635966'),
('752138288', '87751385774485345'),
('752138288', '79693584198421075'),
('752138288', '79713777188184960'),
('752138288', '67879174132715725'),
('752138288', '17895670645840720'),
('752138288', '84637581289308731'),
('752138288', '18355118212908859'),
('752138288', '33139712045397973'),
('752138288', '15454886494791920'),
('752138288', '14921202142641095'),
('752138288', '77686656710819562'),
('752138288', '11675498048057520'),
('752138288', '39174970495740320'),
('752138288', '72392629374686901'),
('752138288', '33657750267211927'),
('176486304', '54511195135827993'),
('176486304', '46555254329860971'),
('176486304', '95811318617490441'),
('176486304', '95957502123089181'),
('176486304', '85764409691587140'),
('176486304', '79835274195552502'),
('176486304', '56996410055042964'),
('176486304', '42333594750468489'),
('176486304', '74659365933031201'),
('176486304', '79930640633173759'),
('176486304', '30804290154075796'),
('176486304', '59798639232931938'),
('176486304', '23488083549847546'),
('176486304', '89615299271377661'),
('176486304', '44229142037676815'),
('176486304', '45041860158386811'),
('176486304', '89669398461613953'),
('176486304', '98272845725018787'),
('176486304', '82742668831269756'),
('176486304', '46608058911633653'),
('176486304', '58347151042609516'),
('176486304', '12502521875714700'),
('176486304', '98248889572771227'),
('176486304', '97587459398413027'),
('176486304', '68697421251216314'),
('176486304', '59765809695682052'),
('176486304', '22727190681953219'),
('176486304', '79679141420111516'),
('176486304', '82280678239022645'),
('176486304', '76097539443447003'),
('176486304', '94771588218189243'),
('176486304', '27547474889254864'),
('176486304', '85378244428107700'),
('176486304', '63680736296445536'),
('176486304', '92806396180850194'),
('176486304', '46385029560300903'),
('176486304', '59293451834294295'),
('176486304', '89797372110382732'),
('176486304', '78768302262641325'),
('176486304', '15527134598067113'),
('176486304', '33076474749400308'),
('176486304', '65317532698511107'),
('176486304', '49492063243134713'),
('176486304', '56832382887387551'),
('176486304', '22047708956701194'),
('176486304', '98477453145716632'),
('176486304', '99921869867651927'),
('176486304', '28349997682291027'),
('176486304', '52848196860935053'),
('176486304', '58222233692467029'),
('290218495', '32592614545489496'),
('290218495', '51539163591127237'),
('290218495', '71536564317238360'),
('290218495', '80851931982280534'),
('290218495', '41585134741255210'),
('290218495', '73987021245639837'),
('290218495', '35480421562394651'),
('290218495', '44110137723414246'),
('290218495', '96356722313796119'),
('290218495', '99191175086995162'),
('290218495', '12456280966710033'),
('290218495', '94192036030949742'),
('290218495', '71482963528849556'),
('290218495', '30529232510222582'),
('290218495', '91475462585698587'),
('290218495', '33424304519369666'),
('290218495', '32419275614136315'),
('290218495', '58032003360407273'),
('290218495', '79394558477567334'),
('290218495', '39582146048072479'),
('290218495', '24900207369140597'),
('290218495', '74008629639298416'),
('290218495', '35347466955234609'),
('290218495', '71959111163063593'),
('290218495', '56541898486284136'),
('290218495', '86941083419755618'),
('290218495', '91452088940297286'),
('290218495', '44393254737289621'),
('290218495', '13597824175602418'),
('290218495', '52372073127653610'),
('290218495', '93098259070981475'),
('290218495', '41478574289748519'),
('290218495', '73640218631368639'),
('290218495', '94754566966500031'),
('290218495', '65414491536667940'),
('290218495', '51153563599611842'),
('290218495', '76199345466386648'),
('290218495', '45412789979093418'),
('290218495', '24239684158077612'),
('290218495', '84759105976136450'),
('290218495', '28090061137886786'),
('290218495', '18883649853058227'),
('290218495', '30091868994634250'),
('290218495', '14495823168121418'),
('290218495', '38289845318109109'),
('290218495', '52964228263040999'),
('290218495', '82229672888890391'),
('290218495', '97986381868081975'),
('290218495', '88804770482746264'),
('290218495', '56785107441736588'),
('542945982', '46943152072209419'),
('542945982', '60361159766165840'),
('542945982', '52969643781443715'),
('542945982', '16160916424735572'),
('542945982', '59689154396140696'),
('542945982', '85936045727128226'),
('542945982', '71075814926517900'),
('542945982', '86338664310443762'),
('542945982', '24602415210106362'),
('542945982', '74139065490410449'),
('542945982', '65104893128953312'),
('542945982', '49071027986022021'),
('542945982', '67267074858137487'),
('542945982', '47867895428532959'),
('542945982', '39668918194577341'),
('542945982', '53685924063429293'),
('542945982', '17424360465454025'),
('542945982', '96923215762617237'),
('542945982', '65017264468087146'),
('542945982', '60505340026224103'),
('542945982', '57520650349677013'),
('542945982', '64563267215891917'),
('542945982', '10167839518315715'),
('542945982', '69585524987789466'),
('542945982', '10666164361393202'),
('542945982', '51562832416517082'),
('542945982', '49854896044774632'),
('542945982', '38307273515093471'),
('542945982', '77678083424661419'),
('542945982', '19435294249976680'),
('542945982', '18058041783098967'),
('542945982', '57839233068982545'),
('542945982', '17422840259856568'),
('542945982', '42689265218642497'),
('542945982', '73386812425545149'),
('542945982', '40928697232326674'),
('542945982', '17650899428991376'),
('542945982', '29141730731904165'),
('542945982', '47542409062155494'),
('542945982', '81843632451095607'),
('542945982', '74933351257337587'),
('542945982', '67397473974488185'),
('542945982', '67462996748603494'),
('542945982', '43596178330642366'),
('542945982', '72163114234787450'),
('542945982', '71630015863254988'),
('542945982', '54581207648071865'),
('542945982', '67822117810105138'),
('542945982', '20374634275953022'),
('542945982', '65762109523866513'),
('326779865', '40882276096790733'),
('326779865', '78872388741910852'),
('326779865', '98364402249494905'),
('326779865', '22044297018257870'),
('326779865', '71148472016076221'),
('326779865', '95791874120873600'),
('326779865', '28760706054603697'),
('326779865', '92867880981825124'),
('326779865', '23910271717860107'),
('326779865', '53917333478328212'),
('326779865', '32794468395926601'),
('326779865', '69424057775657257'),
('326779865', '40197021715789103'),
('326779865', '21820520741124156'),
('326779865', '38064099847538210'),
('326779865', '56533882693993888'),
('326779865', '49189516239997691'),
('326779865', '89254092963127158'),
('326779865', '44065801941798707'),
('326779865', '69624070220381370'),
('326779865', '43324276030621368'),
('326779865', '97627139398135699'),
('326779865', '79176731490124297'),
('326779865', '17411590497728332'),
('326779865', '32284009133017491'),
('326779865', '86343771147816823'),
('326779865', '20131998789813876'),
('326779865', '12385349797627846'),
('326779865', '75631057596498886'),
('326779865', '46082311566400452'),
('326779865', '40827466614132523'),
('326779865', '90636189832916794'),
('326779865', '67600332598160666'),
('326779865', '43774341195443675'),
('326779865', '81508840161846624'),
('326779865', '22986788614484176'),
('326779865', '74765584034093713'),
('326779865', '13661931446986235'),
('326779865', '32073529157336988'),
('326779865', '90710949768818443'),
('326779865', '57927549451928564'),
('326779865', '54368067241865716'),
('326779865', '54315331543285539'),
('326779865', '51407180086700120'),
('326779865', '33644827361241411'),
('326779865', '93409411841845666'),
('326779865', '97482942674737733'),
('326779865', '73804304465799377'),
('326779865', '48338078171879260'),
('326779865', '18012177589532212'),
('737486728', '89501854126087057'),
('737486728', '54427292090729282'),
('737486728', '48845427064724223'),
('737486728', '84461017268814433'),
('737486728', '42625207641209548'),
('737486728', '74139348943333982'),
('737486728', '47691689024817284'),
('737486728', '27517519960761057'),
('737486728', '47132659181595467'),
('737486728', '58601697943657042'),
('737486728', '89156339813099778'),
('737486728', '96688985085540827'),
('737486728', '59987393457881847'),
('737486728', '53655424038138731'),
('737486728', '33484859060306222'),
('737486728', '67309836220006048'),
('737486728', '57089851596683835'),
('737486728', '54530046546132024'),
('737486728', '11285432754755008'),
('737486728', '21517144313088778'),
('737486728', '77932830177054319'),
('737486728', '26621497198805621'),
('737486728', '48287646834933876'),
('737486728', '27258380847106180'),
('737486728', '10066083319270550'),
('737486728', '55357459235918301'),
('737486728', '12212191437864979'),
('737486728', '52463688582456491'),
('737486728', '97819586932953029'),
('737486728', '73380994115802433'),
('737486728', '48510268935259692'),
('737486728', '66446536626009212'),
('737486728', '75213130851766153'),
('737486728', '44933732452185504'),
('737486728', '20178716611436318'),
('737486728', '51465832639752959'),
('737486728', '26895940998131661'),
('737486728', '69907797428206997'),
('737486728', '88741591559874097'),
('737486728', '34189158765961649'),
('737486728', '43313529473505165'),
('737486728', '13561050713154038'),
('737486728', '58811247449114921'),
('737486728', '79540988588274472'),
('737486728', '57089990687822591'),
('737486728', '62353093381042652'),
('737486728', '97401700393499499'),
('737486728', '98101293234657348'),
('737486728', '86842483825717579'),
('737486728', '31759888012212590'),
('434857267', '41364329999937626'),
('434857267', '22839210578223361'),
('434857267', '52310644827042473'),
('434857267', '78262741589582096'),
('434857267', '51950739228562570'),
('434857267', '71522977235336918'),
('434857267', '60787214345094713'),
('434857267', '64982772890125107'),
('434857267', '84579873752707545'),
('434857267', '47641532247311117'),
('434857267', '29377134947757037'),
('434857267', '78644877289486798'),
('434857267', '34396224282167542'),
('434857267', '85104813982330132'),
('434857267', '70590943754504114'),
('434857267', '64705631583444455'),
('434857267', '24153267743172754'),
('434857267', '40358929517988125'),
('434857267', '60194259455909768'),
('434857267', '57567403074149184'),
('434857267', '30340997438900194'),
('434857267', '49858992542033508'),
('434857267', '16088695371908200'),
('434857267', '83826378381749912'),
('434857267', '76298722565687986'),
('434857267', '81086586939542143'),
('434857267', '15290546480619176'),
('434857267', '48465093963104750'),
('434857267', '77314020282392210'),
('434857267', '61480456628815258'),
('434857267', '72802111891041320'),
('434857267', '96800432468825708'),
('434857267', '22406057043539078'),
('434857267', '61768133045807770'),
('434857267', '41336518680349318'),
('434857267', '88835968067881328'),
('434857267', '40626190661075600'),
('434857267', '48242893127839794'),
('434857267', '44460458929899917'),
('434857267', '37442883145397802'),
('434857267', '76281096394609797'),
('434857267', '92524554221729043'),
('434857267', '77760235573358294'),
('434857267', '37506645494152652'),
('434857267', '27493373786056882'),
('434857267', '47274246759303977'),
('434857267', '43115026885600509'),
('434857267', '49826944263546057'),
('434857267', '45961881631570778'),
('434857267', '32202481394517381'),
('619238533', '70077341442229360'),
('619238533', '61146342771563455'),
('619238533', '42668830871540679'),
('619238533', '86516432761077306'),
('619238533', '25714086356660136'),
('619238533', '70208431575409031'),
('619238533', '84602867338270243'),
('619238533', '11696511297647055'),
('619238533', '40052744974789392'),
('619238533', '19209232975093246'),
('619238533', '31327235380732478'),
('619238533', '22173948639238205'),
('619238533', '58505618786253992'),
('619238533', '40405910961298554'),
('619238533', '47419295076506171'),
('619238533', '61100261668430357'),
('619238533', '95311173356219357'),
('619238533', '48984818354325981'),
('619238533', '37442465232650165'),
('619238533', '63956055068498637'),
('619238533', '53134977082504912'),
('619238533', '95566231824841277'),
('619238533', '74183954199859657'),
('619238533', '34240857112414689'),
('619238533', '33513766149661483'),
('619238533', '84936045419492798'),
('619238533', '48401351047774088'),
('619238533', '42917222917009196'),
('619238533', '80804702644359400'),
('619238533', '91745123295264397'),
('619238533', '89268473423769084'),
('619238533', '56651528980343716'),
('619238533', '18717877895127833'),
('619238533', '29004800235655012'),
('619238533', '19095580232965291'),
('619238533', '89200553562536886'),
('619238533', '53363634834104916'),
('619238533', '21232539599442726'),
('619238533', '73721372543524850'),
('619238533', '35536996575924816'),
('619238533', '50037320569014950'),
('619238533', '61064524228894561'),
('619238533', '51233936798581641'),
('619238533', '99488814929507767'),
('619238533', '12692557890083051'),
('619238533', '96052446858824298'),
('619238533', '16375045524364305'),
('619238533', '32786343225144970'),
('619238533', '15220189389029267'),
('619238533', '61199594860879088'),
('829977570', '96117061093221497'),
('829977570', '76467820698906666'),
('829977570', '42253518035653347'),
('829977570', '22566730928851717'),
('829977570', '93473841540346593'),
('829977570', '84588079550377323'),
('829977570', '74261494981827975'),
('829977570', '17991182040668824'),
('829977570', '11616928474024651'),
('829977570', '25106829565526106'),
('829977570', '97170050162962394'),
('829977570', '72612916760996406'),
('829977570', '28815481821187098'),
('829977570', '53702037565020565'),
('829977570', '60667747833180038'),
('829977570', '79489266725132511'),
('829977570', '16603227042960202'),
('829977570', '93060635099556694'),
('829977570', '71705451822572909'),
('829977570', '99105403310022958'),
('829977570', '28897945388731157'),
('829977570', '32942835996913335'),
('829977570', '30490745032952022'),
('829977570', '96050490031839495'),
('829977570', '78558803092031036'),
('829977570', '44998061752011110'),
('829977570', '85506331552507510'),
('829977570', '46529869711600794'),
('829977570', '40064045437246765'),
('829977570', '40929571191265867'),
('829977570', '61747668659723455'),
('829977570', '56721549520795220'),
('829977570', '32626418252824652'),
('829977570', '63161529635973911'),
('829977570', '92478599072761826'),
('829977570', '39260568347880284'),
('829977570', '37135874434215912'),
('829977570', '23656432346350986'),
('829977570', '39344760812336384'),
('829977570', '53347814493887278'),
('829977570', '92828931918339965'),
('829977570', '28962388588169319'),
('829977570', '98663086613841676'),
('829977570', '43130175311150524'),
('829977570', '25531301550804285'),
('829977570', '27938935797696739'),
('829977570', '93121695968183825'),
('829977570', '49086832783409236'),
('829977570', '88705157067519810'),
('829977570', '42916710967839199'),
('231006079', '47978000660378960'),
('231006079', '18181894578195998'),
('231006079', '81354715553688995'),
('231006079', '75290427199022762'),
('231006079', '39133892730541795'),
('231006079', '20506444963529389'),
('231006079', '13103535765418811'),
('231006079', '12726219772423393'),
('231006079', '77195361533380994'),
('231006079', '63033498360469246'),
('231006079', '56454198242424015'),
('231006079', '97283622070662646'),
('231006079', '66789909739749602'),
('231006079', '74947189311071666'),
('231006079', '79375852874436324'),
('231006079', '31809047652034632'),
('231006079', '64018671227167948'),
('231006079', '73783003917696773'),
('231006079', '37937310729023043'),
('231006079', '45951760928714409'),
('231006079', '76961142895543104'),
('231006079', '77328650014475842'),
('231006079', '38713163444544126'),
('231006079', '53085016527220158'),
('231006079', '24628932529553075'),
('231006079', '82885642235035383'),
('231006079', '64137698278939444'),
('231006079', '45284162970661350'),
('231006079', '48680994190345588'),
('231006079', '53079491222304271'),
('231006079', '50866094682938544'),
('231006079', '85320114587002310'),
('231006079', '59566264256320436'),
('231006079', '35931851256396095'),
('231006079', '51524673615122978'),
('231006079', '22370819085705392'),
('231006079', '54550713195821008'),
('231006079', '46370814035162305'),
('231006079', '23991767916046709'),
('231006079', '91834874686690208'),
('231006079', '99314259113554792'),
('231006079', '36755945559052871'),
('231006079', '99547987629333011'),
('231006079', '79250714310555158'),
('231006079', '97469076337494206'),
('231006079', '25332564447399601'),
('231006079', '31869475439316622'),
('231006079', '53881312367454745'),
('231006079', '83454295653878356'),
('231006079', '43805153467153298'),
('710311186', '12909973047387858'),
('710311186', '99018573843910932'),
('710311186', '53803126174742860'),
('710311186', '88432641457459500'),
('710311186', '29227321242720724'),
('710311186', '53493160612159081'),
('710311186', '59756981955149095'),
('710311186', '93198745864248462'),
('710311186', '53257232737529999'),
('710311186', '72244724375388726'),
('710311186', '30617120055965817'),
('710311186', '78698427238243674'),
('710311186', '78422012482402651'),
('710311186', '73114030294436807'),
('710311186', '72077924422675270'),
('710311186', '76406879467459143'),
('710311186', '94784080553586800'),
('710311186', '42262753337125595'),
('710311186', '27076901641232514'),
('710311186', '74960406951359192'),
('710311186', '73213997581396873'),
('710311186', '41808224380509984'),
('710311186', '88424996588500891'),
('710311186', '12978908718395585'),
('710311186', '50739906787106476'),
('710311186', '30379646928808438'),
('710311186', '62646879037218132'),
('710311186', '11797571981615251'),
('710311186', '37880105914850883'),
('710311186', '50358886775739241'),
('710311186', '63064311763816785'),
('710311186', '71250805868447959'),
('710311186', '50332671295148950'),
('710311186', '54563107779368439'),
('710311186', '67196786981729259'),
('710311186', '32364285890636712'),
('710311186', '32405926057679650'),
('710311186', '50058157060398100'),
('710311186', '69032079653051973'),
('710311186', '62461405658564774'),
('710311186', '38020682652911305'),
('710311186', '17660728361083338'),
('710311186', '20635426637624645'),
('710311186', '50778322690961643'),
('710311186', '67000064815082001'),
('710311186', '82494029191663748'),
('710311186', '99919525660700012'),
('710311186', '46207143376136360'),
('710311186', '19684897882867530'),
('710311186', '73705717324329738'),
('647743586', '42188572198435807'),
('647743586', '83249731664490064'),
('647743586', '91672498378848638'),
('647743586', '40138623211316426'),
('647743586', '62298082854435031'),
('647743586', '17664976834100663'),
('647743586', '42673877014602216'),
('647743586', '33363851873727622'),
('647743586', '61938234760492162'),
('647743586', '49630248521651084'),
('647743586', '59119202524891458'),
('647743586', '50042496241139613'),
('647743586', '52652015480572108'),
('647743586', '89513203819888510'),
('647743586', '99213621792017935'),
('647743586', '82076366798919261'),
('647743586', '79740448328855333'),
('647743586', '19562923170155585'),
('647743586', '81655241819923885'),
('647743586', '75439760770513210'),
('647743586', '45185689950426715'),
('647743586', '83979825534325533'),
('647743586', '75174464767095940'),
('647743586', '66953440655724714'),
('647743586', '59138816526867382'),
('647743586', '99911646024701691'),
('647743586', '95438496917721879'),
('647743586', '52568631153191909'),
('647743586', '29372651698627871'),
('647743586', '82948162313107957'),
('647743586', '68687204961889907'),
('647743586', '30972988975916107'),
('647743586', '56390933551617591'),
('647743586', '82650280891500167'),
('647743586', '87726251957895330'),
('647743586', '12512125482760923'),
('647743586', '38613731296939752'),
('647743586', '86549414755969424'),
('647743586', '75600662832932404'),
('647743586', '15539436466352868'),
('647743586', '37224943770132533'),
('647743586', '74891071143986957'),
('647743586', '75406788722599516'),
('647743586', '20363582288761268'),
('647743586', '73871322479646387'),
('647743586', '13171847991156034'),
('647743586', '41272870994733752'),
('647743586', '54957164110720114'),
('647743586', '26443365713594085'),
('647743586', '25232026388590046'),
('421488082', '35548194639116300'),
('421488082', '56521713217976803'),
('421488082', '38647067829054153'),
('421488082', '36316286525326822'),
('421488082', '40688055921552996'),
('421488082', '48873323649612373'),
('421488082', '87991411229390082'),
('421488082', '43102952271917823'),
('421488082', '11206578738734782'),
('421488082', '77419840737875193'),
('421488082', '94170096212166767'),
('421488082', '16227617411496813'),
('421488082', '11391621249120642'),
('421488082', '31244684867204827'),
('421488082', '15606954913302307'),
('421488082', '10289833193236150'),
('421488082', '98235862264861064'),
('421488082', '65494039051694976'),
('421488082', '66163032262087442'),
('421488082', '46731972240139888'),
('421488082', '16235307180492883'),
('421488082', '26883231865254281'),
('421488082', '76669368776636495'),
('421488082', '66317249728601308'),
('421488082', '41341357765786834'),
('421488082', '80694850987170958'),
('421488082', '67052947330202911'),
('421488082', '20209291961068620'),
('421488082', '55424720192716960'),
('421488082', '59135178917672017'),
('421488082', '34364391625599035'),
('421488082', '61868507085516012'),
('421488082', '80119298090046451'),
('421488082', '78347273783390098'),
('421488082', '19994436317703987'),
('421488082', '96130950766208269'),
('421488082', '89861416663487391'),
('421488082', '84748090081410736'),
('421488082', '85782222492725075'),
('421488082', '56923183329475699'),
('421488082', '28324519924792221'),
('421488082', '90663693652770055'),
('421488082', '23572036037497372'),
('421488082', '21092138135882136'),
('421488082', '60271735399472714'),
('421488082', '14480803381907785'),
('421488082', '86066036452662694'),
('421488082', '92791755056272243'),
('421488082', '72108482220117537'),
('421488082', '41714461887652619'),
('332343413', '98549130710063373'),
('332343413', '40768671633725458'),
('332343413', '69114545930492459'),
('332343413', '90510842093826831'),
('332343413', '21228092387117847'),
('332343413', '99727025296422315'),
('332343413', '45469815064757600'),
('332343413', '18160810563504201'),
('332343413', '40530567749314248'),
('332343413', '46727938237845025'),
('332343413', '14760141896224026'),
('332343413', '24193993490340205'),
('332343413', '34750648236264774'),
('332343413', '14292004030587567'),
('332343413', '83659573981097379'),
('332343413', '40554773383215553'),
('332343413', '34906148927007834'),
('332343413', '13523648818341719'),
('332343413', '59932410554619148'),
('332343413', '90230744176694054'),
('332343413', '45588829686426520'),
('332343413', '23163957277353814'),
('332343413', '87783393339916511'),
('332343413', '22510812329492926'),
('332343413', '12942198636771163'),
('332343413', '34004098773813151'),
('332343413', '98906507993709659'),
('332343413', '15794275776298548'),
('332343413', '97692689126330325'),
('332343413', '62554287797236424'),
('332343413', '46342729467800831'),
('332343413', '87553843234832846'),
('332343413', '70388388771288762'),
('332343413', '83263606811953585'),
('332343413', '10454227920982206'),
('332343413', '75674690480085279'),
('332343413', '83665600876742495'),
('332343413', '64923972089279080'),
('332343413', '41957383292650209'),
('332343413', '85948330611072697'),
('332343413', '62467009038710296'),
('332343413', '24166838031868350'),
('332343413', '76029206767001632'),
('332343413', '96994148192374061'),
('332343413', '27676198320787502'),
('332343413', '37174186539113126'),
('332343413', '54011471035212403'),
('332343413', '56313158493009293'),
('332343413', '21611870496832269'),
('332343413', '29875691748219904'),
('539330590', '65184227592462707'),
('539330590', '19547634668991328'),
('539330590', '65241041144755954'),
('539330590', '66991869189844662'),
('539330590', '50465057547072573'),
('539330590', '69326946593077633'),
('539330590', '96824040246108469'),
('539330590', '91308425879822760'),
('539330590', '12712720640349878'),
('539330590', '10324012915882298'),
('539330590', '89995203061706167'),
('539330590', '16529847249636588'),
('539330590', '74573617748028202'),
('539330590', '73328515446582023'),
('539330590', '86011562355043813'),
('539330590', '89960743997804452'),
('539330590', '64506735287384750'),
('539330590', '43262058088959096'),
('539330590', '50067951672663990'),
('539330590', '35101281762352785'),
('539330590', '54757535988279058'),
('539330590', '24117176779471755'),
('539330590', '95180399964026320'),
('539330590', '49018488690949718'),
('539330590', '31623500951440973'),
('539330590', '47796183318427036'),
('539330590', '99180723892725578'),
('539330590', '75068047660131610'),
('539330590', '78363792323361918'),
('539330590', '63757537913153533'),
('539330590', '10843746696151882'),
('539330590', '18191648248345116'),
('539330590', '34552804564106216'),
('539330590', '42246499583331231'),
('539330590', '10084578181867825'),
('539330590', '37602790349255913'),
('539330590', '92562077472259728'),
('539330590', '85693518743332822'),
('539330590', '84516914736096509'),
('539330590', '60199381731941220'),
('539330590', '42177376540070928'),
('539330590', '50607946634565734'),
('539330590', '70454317072771112'),
('539330590', '37504329263186729'),
('539330590', '88117471171614885'),
('539330590', '25976252772376315'),
('539330590', '90664975770590757'),
('539330590', '19335717784149629'),
('539330590', '92418418587523580'),
('539330590', '73793147137087387'),
('465477019', '33856443280459074'),
('465477019', '28746078879127880'),
('465477019', '44281911331476339'),
('465477019', '82910567367187712'),
('465477019', '31970357836551009'),
('465477019', '35045623898091938'),
('465477019', '34058547566232043'),
('465477019', '48883688274576568'),
('465477019', '10908189331060071'),
('465477019', '34937200236988626'),
('465477019', '15546614830510195'),
('465477019', '89924734157088999'),
('465477019', '78287569685422315'),
('465477019', '85941161970617877'),
('465477019', '81734252232490819'),
('465477019', '22444506342287030'),
('465477019', '98244740559495062'),
('465477019', '91376164732111585'),
('465477019', '43497647731103495'),
('465477019', '78968178528699379'),
('465477019', '58152240854787448'),
('465477019', '22187374910709809'),
('465477019', '78590126092613817'),
('465477019', '66456083176327012'),
('465477019', '65411888318396538'),
('465477019', '17876392755633103'),
('465477019', '49516846337290886'),
('465477019', '44241811787304109'),
('465477019', '14211686790796909'),
('465477019', '36687618758390760'),
('465477019', '63587003699152333'),
('465477019', '27919111160113811'),
('465477019', '82301291033063236'),
('465477019', '64043695328843245'),
('465477019', '66570240250933848'),
('465477019', '88565715716705359'),
('465477019', '26444154647474519'),
('465477019', '17998015541753177'),
('465477019', '82956236896517938'),
('465477019', '35686347261244003'),
('465477019', '72245521389755303'),
('465477019', '71185178890412623'),
('465477019', '20826206824082174'),
('465477019', '87188827292047343'),
('465477019', '49533956471453312'),
('465477019', '30400730262225615'),
('465477019', '87792270715189971'),
('465477019', '10576310454521505'),
('465477019', '68390074987134601'),
('465477019', '37529299337853214'),
('752134963', '96345513727947386'),
('752134963', '96345339872607853'),
('752134963', '83269683933196443'),
('752134963', '49065744330694503'),
('752134963', '62275697316187308'),
('752134963', '47323547899385654'),
('752134963', '13459574493154846'),
('752134963', '45936766387080401'),
('752134963', '38585456971417777'),
('752134963', '56362478074048435'),
('752134963', '27332667778257712'),
('752134963', '70730804659598220'),
('752134963', '99519017829984097'),
('752134963', '49420113492481504'),
('752134963', '75535298232206252'),
('752134963', '55781992696443365'),
('752134963', '94960262914544765'),
('752134963', '61624376022115359'),
('752134963', '34342886894636511'),
('752134963', '32829274438610637'),
('752134963', '74527241226549157'),
('752134963', '80402985638614524'),
('752134963', '54961269729819393'),
('752134963', '83184733994091075'),
('752134963', '13199957344930264'),
('752134963', '62196698282283576'),
('752134963', '37529523054781775'),
('752134963', '76495517774031330'),
('752134963', '26265572555688722'),
('752134963', '37642092495831877'),
('752134963', '79996056454732943'),
('752134963', '56271667620041028'),
('752134963', '10749894547444710'),
('752134963', '44416732872335875'),
('752134963', '31893321763299680'),
('752134963', '91377564274499648'),
('752134963', '43326313119372208'),
('752134963', '67183630532872476'),
('752134963', '41327495040630015'),
('752134963', '94647545136817925'),
('752134963', '90953097990205500'),
('752134963', '50253619127369389'),
('752134963', '10227965943919778'),
('752134963', '22686691128149804'),
('752134963', '90187216060220707'),
('752134963', '10703365499727999'),
('752134963', '98067525572347735'),
('752134963', '94755631285029500'),
('752134963', '44257654842245471'),
('752134963', '47743394659221666'),
('499918933', '97867653311774220'),
('499918933', '13413636218824222'),
('499918933', '53553434442837894'),
('499918933', '68124621124557064'),
('499918933', '20344293063864810'),
('499918933', '45307122182746656'),
('499918933', '65191297150801135'),
('499918933', '47303580614808481'),
('499918933', '12528050099544793'),
('499918933', '17141134641462273'),
('499918933', '40775306847163015'),
('499918933', '21955611972694726'),
('499918933', '16108749487871699'),
('499918933', '89459206230055111'),
('499918933', '48345399928650359'),
('499918933', '71231955390365583'),
('499918933', '58107813168532440'),
('499918933', '69382437559281626'),
('499918933', '84834109135525666'),
('499918933', '61900833325999511'),
('499918933', '42272910219228139'),
('499918933', '92921478822645754'),
('499918933', '59110561214429159'),
('499918933', '56194221071086549'),
('499918933', '33817887238203940'),
('499918933', '87875539747869387'),
('499918933', '52887998427582041'),
('499918933', '60801181263280151'),
('499918933', '22796964057112679'),
('499918933', '29670393720810860'),
('499918933', '87405945751357322'),
('499918933', '61005250718148956'),
('499918933', '22505722750270473'),
('499918933', '74762771163800217'),
('499918933', '37870319669812333'),
('499918933', '25457504175044232'),
('499918933', '88842419523168919'),
('499918933', '89451417252713398'),
('499918933', '95144609952302520'),
('499918933', '94508607427621041'),
('499918933', '24541653665852703'),
('499918933', '86085450437898611'),
('499918933', '95132483728758988'),
('499918933', '58392246388310912'),
('499918933', '68608490435453131'),
('499918933', '63748607523296592'),
('499918933', '40676961751612609'),
('499918933', '70859010938241043'),
('499918933', '16134578436787124'),
('499918933', '76523295495762535'),
('328136370', '98623560369685479'),
('328136370', '79103918989729927'),
('328136370', '86968886150487984'),
('328136370', '19401282532700924'),
('328136370', '35954559296645813'),
('328136370', '62012446957561404'),
('328136370', '53444157174628302'),
('328136370', '19808273170665596'),
('328136370', '63598834494835318'),
('328136370', '25869021677749058'),
('328136370', '17526205418227008'),
('328136370', '61547461660555774'),
('328136370', '94656444844428467'),
('328136370', '49728609128450043'),
('328136370', '66356704143401764'),
('328136370', '97742571546454947'),
('328136370', '45349450637970948'),
('328136370', '21646168527072236'),
('328136370', '52201121977234519'),
('328136370', '70073792155012876'),
('328136370', '32020169291370011'),
('328136370', '21890353720440860'),
('328136370', '88291966584662135'),
('328136370', '53250382810562101'),
('328136370', '95945384754372264'),
('328136370', '10137048311150498'),
('328136370', '85973550559885709'),
('328136370', '46251621547888797'),
('328136370', '99619745496464925'),
('328136370', '20444859212925672'),
('328136370', '70907963795911314'),
('328136370', '65393191749743855'),
('328136370', '63483900427974379'),
('328136370', '10558955630947953'),
('328136370', '46892972629891531'),
('328136370', '18738917529783592'),
('328136370', '80832654610911283'),
('328136370', '40771177489679775'),
('328136370', '75071101575931280'),
('328136370', '36778254923670489'),
('328136370', '30835683889824395'),
('328136370', '92183538620724981'),
('328136370', '83975121286953116'),
('328136370', '10627724061542864'),
('328136370', '85238159259575630'),
('328136370', '64778867186713301'),
('328136370', '31958727533086278'),
('328136370', '56289951913978465'),
('328136370', '53380846984536805'),
('328136370', '92196478674080805'),
('839100157', '88102195535850405'),
('839100157', '51716828540930375'),
('839100157', '92689051962233855'),
('839100157', '82542391997940576'),
('839100157', '90661299965149054'),
('839100157', '52573693278904768'),
('839100157', '37727000883927255'),
('839100157', '22932782955997671'),
('839100157', '23543812079769651'),
('839100157', '62689349195878432'),
('839100157', '90299078395017746'),
('839100157', '69775965925659657'),
('839100157', '71151415571705821'),
('839100157', '96202100226120121'),
('839100157', '85901547019504330'),
('839100157', '67042364639128795'),
('839100157', '50215874430174516'),
('839100157', '90374902678183211'),
('839100157', '58088167434996941'),
('839100157', '90953555275334232'),
('839100157', '73986815822694647'),
('839100157', '40953095628878221'),
('839100157', '32010416137999061'),
('839100157', '71640621555072264'),
('839100157', '69294526938025433'),
('839100157', '45776067674012216'),
('839100157', '71527715353325917'),
('839100157', '90378692366670083'),
('839100157', '90614601219131951'),
('839100157', '97129644153098209'),
('839100157', '70855427156611845'),
('839100157', '94998675113873104'),
('839100157', '57302419123651902'),
('839100157', '99038802490091060'),
('839100157', '91728060794885746'),
('839100157', '36008822945478294'),
('839100157', '80643821734581806'),
('839100157', '82350792045497566'),
('839100157', '80502443077156456'),
('839100157', '71827975937495671'),
('839100157', '56284441945082470'),
('839100157', '28046540166936757'),
('839100157', '26510371394850289'),
('839100157', '23338843823317375'),
('839100157', '24953658558422720'),
('839100157', '67743712965392599'),
('839100157', '33292518150780831'),
('839100157', '15713965735508563'),
('839100157', '60190116587136994'),
('839100157', '69817604143004703'),
('773422259', '38105111895106509'),
('773422259', '59148535324406518'),
('773422259', '26004332234466589'),
('773422259', '29966448015283715'),
('773422259', '42288238887444338'),
('773422259', '39753448673724265'),
('773422259', '60079852326085946'),
('773422259', '86385680646116553'),
('773422259', '15719286375958603'),
('773422259', '77418581421802154'),
('773422259', '99217997090984517'),
('773422259', '11990998787842683'),
('773422259', '52647420926831196'),
('773422259', '38950419749035670'),
('773422259', '83272238397181418'),
('773422259', '89342992131036151'),
('773422259', '33714645861045633'),
('773422259', '42219845387330009'),
('773422259', '41796726650694175'),
('773422259', '68076521899419058'),
('773422259', '19916364919879739'),
('773422259', '70424972686191699'),
('773422259', '84049558554864524'),
('773422259', '59725889324560749'),
('773422259', '38639038085902342'),
('773422259', '14880606522264828'),
('773422259', '57844852621763407'),
('773422259', '10862238842682949'),
('773422259', '89734860712607207'),
('773422259', '59990029734754193'),
('773422259', '16038725497953863'),
('773422259', '82422528631994628'),
('773422259', '90853110593092856'),
('773422259', '85236436898249975'),
('773422259', '51162798423384745'),
('773422259', '81009799373521342'),
('773422259', '45945112096409775'),
('773422259', '96150535566978268'),
('773422259', '78884823784619764'),
('773422259', '36782341791372399'),
('773422259', '78994510419346941'),
('773422259', '89267400560449098'),
('773422259', '19579618541975545'),
('773422259', '82324778759805129'),
('773422259', '16596791821517460'),
('773422259', '75079848579858317'),
('773422259', '74334426864448989'),
('773422259', '87606965774299095'),
('773422259', '98021828192628505'),
('773422259', '47927282247422013'),
('754579143', '47191404646558418'),
('754579143', '37786970112144085'),
('754579143', '39840389562783653'),
('754579143', '92627966537081851'),
('754579143', '69345905947404561'),
('754579143', '93202337524774279'),
('754579143', '94080417729566063'),
('754579143', '34469511784717043'),
('754579143', '33372779354376643'),
('754579143', '44419192039246910'),
('754579143', '74201066049488915'),
('754579143', '31916316079133363'),
('754579143', '86343897311985430'),
('754579143', '29671631149867358'),
('754579143', '11932311076174795'),
('754579143', '90074478051671962'),
('754579143', '39928644690299255'),
('754579143', '87424280423003582');
INSERT INTO `maintains` (`MechSSN`, `VehicleVIN`) VALUES
('754579143', '80225175453338744'),
('754579143', '57573772862290408'),
('754579143', '73235127097390663'),
('754579143', '43128722158611268'),
('754579143', '83192406417299945'),
('754579143', '20082929863415748'),
('754579143', '90253368486070498'),
('754579143', '56519954340907194'),
('754579143', '92991665641335012'),
('754579143', '60168614999754069'),
('754579143', '78302767146992827'),
('754579143', '24011879927981731'),
('754579143', '16113122042711199'),
('754579143', '95640136262563332'),
('754579143', '76864619657958318'),
('754579143', '49901250065932439'),
('754579143', '47480529752700721'),
('754579143', '76891058010656037'),
('754579143', '37596529352925263'),
('754579143', '60177360857329287'),
('754579143', '10159696090277780'),
('754579143', '18055502647595515'),
('754579143', '96179009823856598'),
('754579143', '83760197216487952'),
('754579143', '41290498251537824'),
('754579143', '47041127615184425'),
('754579143', '44935665744087950'),
('754579143', '87952600635131251'),
('754579143', '61118322269153882'),
('754579143', '95682335447416276'),
('754579143', '21896754643395806'),
('754579143', '57792443981559704'),
('120811922', '31698169269397744'),
('120811922', '73376481686570595'),
('120811922', '17142078662376625'),
('120811922', '52828680924430816'),
('120811922', '74979309058404198'),
('120811922', '55622420654079613'),
('120811922', '30862523067116771'),
('120811922', '39620503398662604'),
('120811922', '56550749814444300'),
('120811922', '42874928373179083'),
('120811922', '29620714974439866'),
('120811922', '23971783065830473'),
('120811922', '91337458548999187'),
('120811922', '25060140758178143'),
('120811922', '37769674823262233'),
('120811922', '53563311324717533'),
('120811922', '20984606176388735'),
('120811922', '92966297226442894'),
('120811922', '99904440318768801'),
('120811922', '89233276399406947'),
('120811922', '29551832879609779'),
('120811922', '49530767583885616'),
('120811922', '67575073853240906'),
('120811922', '21681786052470976'),
('120811922', '94461807168876534'),
('120811922', '11788354412886318'),
('120811922', '19280578410424173'),
('120811922', '59838162199414817'),
('120811922', '13407124319131205'),
('120811922', '27927681053145576'),
('120811922', '16991648219318687'),
('120811922', '77530080727574436'),
('120811922', '85116850133505687'),
('120811922', '93521453060977436'),
('120811922', '35116305118205389'),
('120811922', '26431564788146029'),
('120811922', '12518778671365647'),
('120811922', '76553131450998288'),
('120811922', '68925908140591740'),
('120811922', '55542209193940834'),
('120811922', '50905747042156139'),
('120811922', '52356620116052559'),
('120811922', '59000077161566305'),
('120811922', '40662907077812476'),
('120811922', '81224096239793379'),
('120811922', '97017296156538192'),
('120811922', '76227590555796136'),
('120811922', '41483729817495076'),
('120811922', '19549672336810056'),
('120811922', '91151736989054726'),
('737684984', '48316293317082373'),
('737684984', '98987528911818847'),
('737684984', '68201474192862111'),
('737684984', '45290275226494024'),
('737684984', '33618630534008701'),
('737684984', '21898189660935957'),
('737684984', '41765361528542651'),
('737684984', '53330521127328487'),
('737684984', '91370367136773890'),
('737684984', '97865377669292896'),
('737684984', '32559996932724192'),
('737684984', '81711733870923804'),
('737684984', '89168635946793818'),
('737684984', '22978001594626633'),
('737684984', '24774425899863203'),
('737684984', '79079005078213150'),
('737684984', '98681408283090002'),
('737684984', '82036496099240383'),
('737684984', '14641532732851390'),
('737684984', '74262876033016882'),
('737684984', '99184061967850815'),
('737684984', '81789449241230787'),
('737684984', '75583789037086009'),
('737684984', '89394172998676676'),
('737684984', '15559680777858169'),
('737684984', '50052961233191806'),
('737684984', '82277558872456913'),
('737684984', '19905426657495224'),
('737684984', '12878267318716666'),
('737684984', '45281503294211737'),
('737684984', '36029439361910907'),
('737684984', '34039465026732406'),
('737684984', '53586058025003758'),
('737684984', '43746998087708146'),
('737684984', '65742882088154379'),
('737684984', '91292326464606139'),
('737684984', '55689645261578673'),
('737684984', '25008137672811635'),
('737684984', '64075661513893099'),
('737684984', '71961832692880819'),
('737684984', '11110624529344485'),
('737684984', '10814936640612824'),
('737684984', '37148432095783401'),
('737684984', '28654809629198610'),
('737684984', '62615006582751818'),
('737684984', '17993843688627953'),
('737684984', '88361962327981934'),
('737684984', '55225019272318500'),
('737684984', '15387639666264360'),
('737684984', '32196682237317028');

-- --------------------------------------------------------

--
-- Table structure for table `mechanic`
--

CREATE TABLE `mechanic` (
  `SSN` char(9) NOT NULL,
  `SupervisorSSN` char(9) DEFAULT NULL,
  `LicenseNumber` char(8) NOT NULL,
  `InsuranceID` char(10) DEFAULT NULL
) ENGINE=InnoDB DEFAULT CHARSET=latin1;

--
-- Dumping data for table `mechanic`
--

INSERT INTO `mechanic` (`SSN`, `SupervisorSSN`, `LicenseNumber`, `InsuranceID`) VALUES
('120811922', '854244840', '34121173', '2528033260'),
('176486304', '703255737', '77548230', '6555913460'),
('189185380', '925153566', '50281387', '8157133080'),
('231006079', '273021537', '13127392', '6064701200'),
('290218495', '673163724', '13322228', '2836352800'),
('326779865', '150488723', '70174344', '6556803120'),
('328136370', '722351693', '92289626', '9137211350'),
('332343413', '605256272', '96087667', '5874681000'),
('421488082', '669227933', '51001177', '7215095610'),
('434857267', '912850605', '26723635', '5741550250'),
('465477019', '529889742', '16165722', '2646234690'),
('499918933', '978087259', '59586580', '7699489230'),
('500137736', '414044558', '87207127', '5982915020'),
('539330590', '235464040', '51349028', '1898129870'),
('542945982', '530003003', '12942304', '9608159660'),
('619238533', '710024568', '45769016', '9794992210'),
('643819685', '232800727', '79841799', '8996740730'),
('647743586', '906351298', '47425251', '8291365200'),
('710311186', '857250586', '65849990', '8652113390'),
('737486728', '468359794', '72882671', '1700715100'),
('737684984', '916213084', '87539898', '2280253030'),
('746010552', '558237634', '25333455', '4090069230'),
('752134963', '822228791', '89181616', '4497591540'),
('752138288', '543442666', '60222402', '5335311290'),
('754579143', '973306041', '70985539', '8663793260'),
('772818617', '553206123', '98028286', '7318850460'),
('773422259', '220314329', '11557708', '3050451120'),
('829977570', '437172115', '38028524', '7837267820'),
('833071090', '768457441', '14523762', '7118192810'),
('839100157', '461474570', '17205742', '5004634280'),
('916622904', '723903127', '75001940', '4347788460'),
('950360828', '601316701', '32669623', '2214883270');

-- --------------------------------------------------------

--
-- Table structure for table `route`
--

CREATE TABLE `route` (
  `TripID` char(10) NOT NULL,
  `Endpoint1` varchar(300) NOT NULL,
  `Endpoint2` varchar(300) NOT NULL,
  `OriginFlag` bit(1) NOT NULL,
  `DestinationFlag` bit(1) NOT NULL
) ENGINE=InnoDB DEFAULT CHARSET=latin1;

--
-- Dumping data for table `route`
--

INSERT INTO `route` (`TripID`, `Endpoint1`, `Endpoint2`, `OriginFlag`, `DestinationFlag`) VALUES
('1073932260', 'Endpoint 1', 'Endpoint 2', b'1', b'0'),
('1130762240', 'Endpoint 1', 'Endpoint 2', b'1', b'0'),
('1142085310', 'Endpoint 1', 'Endpoint 2', b'1', b'0'),
('1147120070', 'Endpoint 1', 'Endpoint 2', b'1', b'0'),
('1264261980', 'Endpoint 1', 'Endpoint 2', b'1', b'0'),
('1285621580', 'Endpoint 1', 'Endpoint 2', b'1', b'0'),
('1301081350', 'Endpoint 1', 'Endpoint 2', b'1', b'0'),
('1339867440', 'Endpoint 1', 'Endpoint 2', b'1', b'0'),
('1354912540', 'Endpoint 1', 'Endpoint 2', b'1', b'0'),
('1356522160', 'Endpoint 1', 'Endpoint 2', b'1', b'0'),
('1399382000', 'Endpoint 1', 'Endpoint 2', b'1', b'0'),
('1525200790', 'Endpoint 1', 'Endpoint 2', b'1', b'0'),
('1651297460', 'Endpoint 1', 'Endpoint 2', b'1', b'0'),
('1663055580', 'Endpoint 1', 'Endpoint 2', b'1', b'0'),
('1683708170', 'Endpoint 1', 'Endpoint 2', b'1', b'0'),
('1717626990', 'Endpoint 1', 'Endpoint 2', b'1', b'0'),
('1727467940', 'Endpoint 1', 'Endpoint 2', b'1', b'0'),
('1824279440', 'Endpoint 1', 'Endpoint 2', b'1', b'0'),
('1913766170', 'Endpoint 1', 'Endpoint 2', b'1', b'0'),
('1929447130', 'Endpoint 1', 'Endpoint 2', b'1', b'0'),
('1971095430', 'Endpoint 1', 'Endpoint 2', b'1', b'0'),
('1990968500', 'Endpoint 1', 'Endpoint 2', b'1', b'0'),
('2072184950', 'Endpoint 1', 'Endpoint 2', b'1', b'0'),
('2074734050', 'Endpoint 1', 'Endpoint 2', b'1', b'0'),
('2147982130', 'Endpoint 1', 'Endpoint 2', b'1', b'0'),
('2176347810', 'Endpoint 1', 'Endpoint 2', b'1', b'0'),
('2190329260', 'Endpoint 1', 'Endpoint 2', b'1', b'0'),
('2224989680', 'Endpoint 1', 'Endpoint 2', b'1', b'0'),
('2255758980', 'Endpoint 1', 'Endpoint 2', b'1', b'0'),
('2294234840', 'Endpoint 1', 'Endpoint 2', b'1', b'0'),
('2345161260', 'Endpoint 1', 'Endpoint 2', b'1', b'0'),
('2373313340', 'Endpoint 1', 'Endpoint 2', b'1', b'0'),
('2430470850', 'Endpoint 1', 'Endpoint 2', b'1', b'0'),
('2466329320', 'Endpoint 1', 'Endpoint 2', b'1', b'0'),
('2482281200', 'Endpoint 1', 'Endpoint 2', b'1', b'0'),
('2489229920', 'Endpoint 1', 'Endpoint 2', b'1', b'0'),
('2614554050', 'Endpoint 1', 'Endpoint 2', b'1', b'0'),
('2733058740', 'Endpoint 1', 'Endpoint 2', b'1', b'0'),
('2777630180', 'Endpoint 1', 'Endpoint 2', b'1', b'0'),
('2780049060', 'Endpoint 1', 'Endpoint 2', b'1', b'0'),
('2844626920', 'Endpoint 1', 'Endpoint 2', b'1', b'0'),
('2860176980', 'Endpoint 1', 'Endpoint 2', b'1', b'0'),
('2871781110', 'Endpoint 1', 'Endpoint 2', b'1', b'0'),
('2880115690', 'Endpoint 1', 'Endpoint 2', b'1', b'0'),
('2918667600', 'Endpoint 1', 'Endpoint 2', b'1', b'0'),
('3060749530', 'Endpoint 1', 'Endpoint 2', b'1', b'0'),
('3069310830', 'Endpoint 1', 'Endpoint 2', b'1', b'0'),
('3103762880', 'Endpoint 1', 'Endpoint 2', b'1', b'0'),
('3106227700', 'Endpoint 1', 'Endpoint 2', b'1', b'0'),
('3149692490', 'Endpoint 1', 'Endpoint 2', b'1', b'0'),
('3175455230', 'Endpoint 1', 'Endpoint 2', b'1', b'0'),
('3223876020', 'Endpoint 1', 'Endpoint 2', b'1', b'0'),
('3268249430', 'Endpoint 1', 'Endpoint 2', b'1', b'0'),
('3341727590', 'Endpoint 1', 'Endpoint 2', b'1', b'0'),
('3539926040', 'Endpoint 1', 'Endpoint 2', b'1', b'0'),
('3541222300', 'Endpoint 1', 'Endpoint 2', b'1', b'0'),
('3642502140', 'Endpoint 1', 'Endpoint 2', b'1', b'0'),
('3665362340', 'Endpoint 1', 'Endpoint 2', b'1', b'0'),
('3720628650', 'Endpoint 1', 'Endpoint 2', b'1', b'0'),
('3730704980', 'Endpoint 1', 'Endpoint 2', b'1', b'0'),
('3734964160', 'Endpoint 1', 'Endpoint 2', b'1', b'0'),
('3877381090', 'Endpoint 1', 'Endpoint 2', b'1', b'0'),
('3951260990', 'Endpoint 1', 'Endpoint 2', b'1', b'0'),
('3962787940', 'Endpoint 1', 'Endpoint 2', b'1', b'0'),
('3987790210', 'Endpoint 1', 'Endpoint 2', b'1', b'0'),
('4022266020', 'Endpoint 1', 'Endpoint 2', b'1', b'0'),
('4121914340', 'Endpoint 1', 'Endpoint 2', b'1', b'0'),
('4127582600', 'Endpoint 1', 'Endpoint 2', b'1', b'0'),
('4196001970', 'Endpoint 1', 'Endpoint 2', b'1', b'0'),
('4196475490', 'Endpoint 1', 'Endpoint 2', b'1', b'0'),
('4223677420', 'Endpoint 1', 'Endpoint 2', b'1', b'0'),
('4248692670', 'Endpoint 1', 'Endpoint 2', b'1', b'0'),
('4252042830', 'Endpoint 1', 'Endpoint 2', b'1', b'0'),
('4322185150', 'Endpoint 1', 'Endpoint 2', b'1', b'0'),
('4360042860', 'Endpoint 1', 'Endpoint 2', b'1', b'0'),
('4360989360', 'Endpoint 1', 'Endpoint 2', b'1', b'0'),
('4387492150', 'Endpoint 1', 'Endpoint 2', b'1', b'0'),
('4423236130', 'Endpoint 1', 'Endpoint 2', b'1', b'0'),
('4457401120', 'Endpoint 1', 'Endpoint 2', b'1', b'0'),
('4458283990', 'Endpoint 1', 'Endpoint 2', b'1', b'0'),
('4466685650', 'Endpoint 1', 'Endpoint 2', b'1', b'0'),
('4516279320', 'Endpoint 1', 'Endpoint 2', b'1', b'0'),
('4573086080', 'Endpoint 1', 'Endpoint 2', b'1', b'0'),
('4615618840', 'Endpoint 1', 'Endpoint 2', b'1', b'0'),
('4637443970', 'Endpoint 1', 'Endpoint 2', b'1', b'0'),
('4678339000', 'Endpoint 1', 'Endpoint 2', b'1', b'0'),
('4693719800', 'Endpoint 1', 'Endpoint 2', b'1', b'0'),
('4747597210', 'Endpoint 1', 'Endpoint 2', b'1', b'0'),
('4765753290', 'Endpoint 1', 'Endpoint 2', b'1', b'0'),
('4801178930', 'Endpoint 1', 'Endpoint 2', b'1', b'0'),
('4813322970', 'Endpoint 1', 'Endpoint 2', b'1', b'0'),
('4951288120', 'Endpoint 1', 'Endpoint 2', b'1', b'0'),
('5032816100', 'Endpoint 1', 'Endpoint 2', b'1', b'0'),
('5113413490', 'Endpoint 1', 'Endpoint 2', b'1', b'0'),
('5325563320', 'Endpoint 1', 'Endpoint 2', b'1', b'0'),
('5331383380', 'Endpoint 1', 'Endpoint 2', b'1', b'0'),
('5363328230', 'Endpoint 1', 'Endpoint 2', b'1', b'0'),
('5387422150', 'Endpoint 1', 'Endpoint 2', b'1', b'0'),
('5399584230', 'Endpoint 1', 'Endpoint 2', b'1', b'0'),
('5414818780', 'Endpoint 1', 'Endpoint 2', b'1', b'0'),
('5421190270', 'Endpoint 1', 'Endpoint 2', b'1', b'0'),
('5432601720', 'Endpoint 1', 'Endpoint 2', b'1', b'0'),
('5580940090', 'Endpoint 1', 'Endpoint 2', b'1', b'0'),
('5581348830', 'Endpoint 1', 'Endpoint 2', b'1', b'0'),
('5621652330', 'Endpoint 1', 'Endpoint 2', b'1', b'0'),
('5652250220', 'Endpoint 1', 'Endpoint 2', b'1', b'0'),
('5737457820', 'Endpoint 1', 'Endpoint 2', b'1', b'0'),
('5774131250', 'Endpoint 1', 'Endpoint 2', b'1', b'0'),
('5861136490', 'Endpoint 1', 'Endpoint 2', b'1', b'0'),
('5874514960', 'Endpoint 1', 'Endpoint 2', b'1', b'0'),
('5883797100', 'Endpoint 1', 'Endpoint 2', b'1', b'0'),
('5898645970', 'Endpoint 1', 'Endpoint 2', b'1', b'0'),
('6012214660', 'Endpoint 1', 'Endpoint 2', b'1', b'0'),
('6080568880', 'Endpoint 1', 'Endpoint 2', b'1', b'0'),
('6086673030', 'Endpoint 1', 'Endpoint 2', b'1', b'0'),
('6129809490', 'Endpoint 1', 'Endpoint 2', b'1', b'0'),
('6132433460', 'Endpoint 1', 'Endpoint 2', b'1', b'0'),
('6153807280', 'Endpoint 1', 'Endpoint 2', b'1', b'0'),
('6154147800', 'Endpoint 1', 'Endpoint 2', b'1', b'0'),
('6212990940', 'Endpoint 1', 'Endpoint 2', b'1', b'0'),
('6288971010', 'Endpoint 1', 'Endpoint 2', b'1', b'0'),
('6299463710', 'Endpoint 1', 'Endpoint 2', b'1', b'0'),
('6390755600', 'Endpoint 1', 'Endpoint 2', b'1', b'0'),
('6467666680', 'Endpoint 1', 'Endpoint 2', b'1', b'0'),
('6583435570', 'Endpoint 1', 'Endpoint 2', b'1', b'0'),
('6736862430', 'Endpoint 1', 'Endpoint 2', b'1', b'0'),
('6740058280', 'Endpoint 1', 'Endpoint 2', b'1', b'0'),
('6757548420', 'Endpoint 1', 'Endpoint 2', b'1', b'0'),
('6777941600', 'Endpoint 1', 'Endpoint 2', b'1', b'0'),
('6796174890', 'Endpoint 1', 'Endpoint 2', b'1', b'0'),
('6953094160', 'Endpoint 1', 'Endpoint 2', b'1', b'0'),
('6960522090', 'Endpoint 1', 'Endpoint 2', b'1', b'0'),
('6987902310', 'Endpoint 1', 'Endpoint 2', b'1', b'0'),
('7007054500', 'Endpoint 1', 'Endpoint 2', b'1', b'0'),
('7214430230', 'Endpoint 1', 'Endpoint 2', b'1', b'0'),
('7238858980', 'Endpoint 1', 'Endpoint 2', b'1', b'0'),
('7264250720', 'Endpoint 1', 'Endpoint 2', b'1', b'0'),
('7318946460', 'Endpoint 1', 'Endpoint 2', b'1', b'0'),
('7359351120', 'Endpoint 1', 'Endpoint 2', b'1', b'0'),
('7431493640', 'Endpoint 1', 'Endpoint 2', b'1', b'0'),
('7472975860', 'Endpoint 1', 'Endpoint 2', b'1', b'0'),
('7488546660', 'Endpoint 1', 'Endpoint 2', b'1', b'0'),
('7500868870', 'Endpoint 1', 'Endpoint 2', b'1', b'0'),
('7505465530', 'Endpoint 1', 'Endpoint 2', b'1', b'0'),
('7512728820', 'Endpoint 1', 'Endpoint 2', b'1', b'0'),
('7513976010', 'Endpoint 1', 'Endpoint 2', b'1', b'0'),
('7535768560', 'Endpoint 1', 'Endpoint 2', b'1', b'0'),
('7583004220', 'Endpoint 1', 'Endpoint 2', b'1', b'0'),
('7702154670', 'Endpoint 1', 'Endpoint 2', b'1', b'0'),
('7810858460', 'Endpoint 1', 'Endpoint 2', b'1', b'0'),
('7929952720', 'Endpoint 1', 'Endpoint 2', b'1', b'0'),
('7979260610', 'Endpoint 1', 'Endpoint 2', b'1', b'0'),
('8000732290', 'Endpoint 1', 'Endpoint 2', b'1', b'0'),
('8043404580', 'Endpoint 1', 'Endpoint 2', b'1', b'0'),
('8112289230', 'Endpoint 1', 'Endpoint 2', b'1', b'0'),
('8168067600', 'Endpoint 1', 'Endpoint 2', b'1', b'0'),
('8228661520', 'Endpoint 1', 'Endpoint 2', b'1', b'0'),
('8234201070', 'Endpoint 1', 'Endpoint 2', b'1', b'0'),
('8263573140', 'Endpoint 1', 'Endpoint 2', b'1', b'0'),
('8322327180', 'Endpoint 1', 'Endpoint 2', b'1', b'0'),
('8349674220', 'Endpoint 1', 'Endpoint 2', b'1', b'0'),
('8368077550', 'Endpoint 1', 'Endpoint 2', b'1', b'0'),
('8370102560', 'Endpoint 1', 'Endpoint 2', b'1', b'0'),
('8408015850', 'Endpoint 1', 'Endpoint 2', b'1', b'0'),
('8568027450', 'Endpoint 1', 'Endpoint 2', b'1', b'0'),
('8612828990', 'Endpoint 1', 'Endpoint 2', b'1', b'0'),
('8673631080', 'Endpoint 1', 'Endpoint 2', b'1', b'0'),
('8801777120', 'Endpoint 1', 'Endpoint 2', b'1', b'0'),
('8839258690', 'Endpoint 1', 'Endpoint 2', b'1', b'0'),
('8917394700', 'Endpoint 1', 'Endpoint 2', b'1', b'0'),
('9019284770', 'Endpoint 1', 'Endpoint 2', b'1', b'0'),
('9046928070', 'Endpoint 1', 'Endpoint 2', b'1', b'0'),
('9088907990', 'Endpoint 1', 'Endpoint 2', b'1', b'0'),
('9122431080', 'Endpoint 1', 'Endpoint 2', b'1', b'0'),
('9139372540', 'Endpoint 1', 'Endpoint 2', b'1', b'0'),
('9157112290', 'Endpoint 1', 'Endpoint 2', b'1', b'0'),
('9159882160', 'Endpoint 1', 'Endpoint 2', b'1', b'0'),
('9170433300', 'Endpoint 1', 'Endpoint 2', b'1', b'0'),
('9236870080', 'Endpoint 1', 'Endpoint 2', b'1', b'0'),
('9245187040', 'Endpoint 1', 'Endpoint 2', b'1', b'0'),
('9278255890', 'Endpoint 1', 'Endpoint 2', b'1', b'0'),
('9307178720', 'Endpoint 1', 'Endpoint 2', b'1', b'0'),
('9362548540', 'Endpoint 1', 'Endpoint 2', b'1', b'0'),
('9367666460', 'Endpoint 1', 'Endpoint 2', b'1', b'0'),
('9370188890', 'Endpoint 1', 'Endpoint 2', b'1', b'0'),
('9400940620', 'Endpoint 1', 'Endpoint 2', b'1', b'0'),
('9457858720', 'Endpoint 1', 'Endpoint 2', b'1', b'0'),
('9517000210', 'Endpoint 1', 'Endpoint 2', b'1', b'0'),
('9560721470', 'Endpoint 1', 'Endpoint 2', b'1', b'0'),
('9604275750', 'Endpoint 1', 'Endpoint 2', b'1', b'0'),
('9625775340', 'Endpoint 1', 'Endpoint 2', b'1', b'0'),
('9693755730', 'Endpoint 1', 'Endpoint 2', b'1', b'0'),
('9746466080', 'Endpoint 1', 'Endpoint 2', b'1', b'0'),
('9757413130', 'Endpoint 1', 'Endpoint 2', b'1', b'0'),
('9816657920', 'Endpoint 1', 'Endpoint 2', b'1', b'0'),
('9882152180', 'Endpoint 1', 'Endpoint 2', b'1', b'0'),
('9916478520', 'Endpoint 1', 'Endpoint 2', b'1', b'0'),
('9929516250', 'Endpoint 1', 'Endpoint 2', b'1', b'0'),
('9959417770', 'Endpoint 1', 'Endpoint 2', b'1', b'0'),
('9962443650', 'Endpoint 1', 'Endpoint 2', b'1', b'0');

-- --------------------------------------------------------

--
-- Table structure for table `trip`
--

CREATE TABLE `trip` (
  `TripID` char(10) NOT NULL,
  `Company_TaxID` char(10) NOT NULL,
  `Cust_ID` char(10) NOT NULL,
  `NumberOfOccupants` smallint(6) DEFAULT NULL,
  `NumberOfIterations` smallint(6) NOT NULL,
  `TravelDistance` int(11) DEFAULT NULL,
  `TotalCost` float DEFAULT NULL
) ENGINE=InnoDB DEFAULT CHARSET=latin1;

--
-- Dumping data for table `trip`
--

INSERT INTO `trip` (`TripID`, `Company_TaxID`, `Cust_ID`, `NumberOfOccupants`, `NumberOfIterations`, `TravelDistance`, `TotalCost`) VALUES
('1073932260', '3293761050', '9363672680', 5, 2, 19, 402.501),
('1130762240', '6139192010', '8618196840', 4, 3, 32, 237.514),
('1142085310', '9757000650', '6332781830', 7, 3, 3, 301.893),
('1147120070', '2734104870', '4148284930', 3, 1, 31, 212.858),
('1264261980', '6962593290', '6888791840', 3, 4, 41, 38.632),
('1285621580', '3293761050', '7327539450', 7, 4, 48, 94.0695),
('1301081350', '7884538500', '2828400690', 1, 5, 2, 50.1996),
('1339867440', '6962593290', '7752717790', 1, 4, 31, 5.7464),
('1354912540', '8087865230', '9965109360', 6, 5, 32, 202.387),
('1356522160', '1894763470', '4952695340', 3, 1, 24, 295.915),
('1399382000', '8166363500', '4062724600', 3, 5, 44, 356.122),
('1525200790', '6139192010', '4438340150', 2, 4, 22, 263.259),
('1651297460', '6962593290', '8627113060', 7, 5, 31, 495.976),
('1663055580', '4815984600', '5630640090', 7, 1, 37, 61.312),
('1683708170', '8091352410', '8752754770', 2, 2, 33, 275.164),
('1717626990', '8334064770', '6765301290', 7, 4, 23, 131.445),
('1727467940', '6795490950', '7603299480', 2, 3, 21, 457.497),
('1824279440', '8087865230', '9220181380', 2, 4, 32, 244.961),
('1913766170', '9897771970', '3835496830', 3, 1, 22, 499.464),
('1929447130', '1894763470', '2086160940', 4, 3, 3, 337.675),
('1971095430', '8091352410', '7370893080', 6, 3, 20, 336.952),
('1990968500', '6139192010', '8801401840', 3, 2, 19, 142.059),
('2072184950', '1894763470', '5804177870', 2, 2, 15, 498.289),
('2074734050', '2858246300', '7161289480', 5, 1, 37, 12.9646),
('2147982130', '9919249060', '1280080460', 5, 5, 48, 334.796),
('2176347810', '8091352410', '6273109890', 1, 1, 16, 496.792),
('2190329260', '1894763470', '8867657980', 4, 4, 6, 60.7053),
('2224989680', '7431193640', '9388063160', 3, 2, 11, 27.7308),
('2255758980', '2858246300', '2354553810', 1, 5, 37, 268.415),
('2294234840', '8334064770', '2285805700', 5, 2, 26, 413.515),
('2345161260', '9858154320', '1644754940', 1, 2, 37, 93.1666),
('2373313340', '7162847370', '5042794810', 4, 5, 31, 27.4003),
('2430470850', '8087865230', '9045191730', 6, 3, 2, 447.472),
('2466329320', '7162847370', '2079181470', 3, 2, 50, 295.5),
('2482281200', '9003695350', '8952819450', 6, 1, 39, 37.7914),
('2489229920', '9757000650', '5073711940', 3, 4, 21, 223.776),
('2614554050', '9137320750', '1104457070', 7, 1, 44, 253.303),
('2733058740', '9897771970', '7844310330', 5, 4, 45, 57.1318),
('2777630180', '6795490950', '8907783910', 3, 5, 13, 21.1321),
('2780049060', '9919249060', '4939621750', 5, 1, 46, 112.554),
('2844626920', '1978532260', '7479775790', 6, 3, 47, 13.1231),
('2860176980', '2734104870', '4494172070', 6, 1, 39, 499.791),
('2871781110', '9137320750', '7580893060', 1, 4, 17, 337.385),
('2880115690', '7843132380', '9054121900', 6, 2, 10, 208.21),
('2918667600', '1894763470', '3206047870', 1, 2, 50, 290.222),
('3060749530', '7843132380', '8099034860', 4, 5, 28, 373.53),
('3069310830', '3405260250', '7422850030', 5, 4, 14, 488.513),
('3103762880', '3867524370', '5691993250', 1, 4, 45, 159.879),
('3106227700', '3405260250', '1740855970', 6, 4, 22, 290.414),
('3149692490', '9858154320', '5184608530', 1, 1, 31, 246.039),
('3175455230', '3293761050', '1068117980', 1, 2, 42, 248.256),
('3223876020', '2775573510', '8697159470', 4, 2, 30, 393.393),
('3268249430', '9134773970', '9681462750', 6, 3, 35, 344.04),
('3341727590', '9919249060', '7515178840', 3, 2, 47, 401.108),
('3539926040', '7162847370', '6659851620', 1, 3, 26, 174.989),
('3541222300', '2775573510', '9901401010', 7, 3, 12, 44.2177),
('3642502140', '3867524370', '2731547390', 1, 1, 37, 230.315),
('3665362340', '3867524370', '9183130290', 2, 2, 37, 430.533),
('3720628650', '8166363500', '5975524250', 3, 3, 41, 204.734),
('3730704980', '9919249060', '7941166520', 2, 1, 48, 393.48),
('3734964160', '8334064770', '4952467560', 6, 3, 25, 374.223),
('3877381090', '8520662050', '3845530130', 4, 1, 20, 369.751),
('3951260990', '9137320750', '1125983770', 2, 4, 39, 254.48),
('3962787940', '4815984600', '6239815810', 1, 4, 49, 77.9396),
('3987790210', '3405260250', '2621380860', 4, 3, 42, 369.286),
('4022266020', '1894763470', '7669612380', 4, 2, 20, 440.461),
('4121914340', '8273673360', '1471092030', 3, 5, 31, 183.018),
('4127582600', '8091352410', '7878897850', 7, 1, 47, 363.036),
('4196001970', '9134773970', '3182971900', 6, 3, 46, 216.443),
('4196475490', '7431193640', '9516427090', 7, 1, 29, 99.6801),
('4223677420', '2858246300', '2710706160', 3, 4, 6, 492.878),
('4248692670', '8091352410', '8318189040', 2, 2, 11, 99.7352),
('4252042830', '7884538500', '3263004600', 3, 1, 37, 241.538),
('4322185150', '3405260250', '9272038960', 3, 3, 40, 192.267),
('4360042860', '1894763470', '9500627550', 1, 1, 29, 107.275),
('4360989360', '8334064770', '3915997480', 2, 2, 36, 458.168),
('4387492150', '7162847370', '9501433100', 3, 3, 2, 472.303),
('4423236130', '9137320750', '4661283180', 6, 4, 20, 457.823),
('4457401120', '4815984600', '5685100130', 6, 5, 14, 142.49),
('4458283990', '2858246300', '7072621280', 1, 5, 6, 362.377),
('4466685650', '1097561230', '4671074940', 6, 3, 13, 303.024),
('4516279320', '7431193640', '3878815900', 2, 5, 21, 396.459),
('4573086080', '7843132380', '2514556040', 4, 2, 27, 322.022),
('4615618840', '1097561230', '3106411230', 6, 5, 46, 270.178),
('4637443970', '9134773970', '9680819400', 6, 1, 49, 293.101),
('4678339000', '8166363500', '8217513600', 1, 1, 9, 64.4846),
('4693719800', '2858246300', '3205066770', 4, 2, 40, 422.465),
('4747597210', '8091352410', '8237524090', 1, 2, 21, 296.266),
('4765753290', '9137320750', '4329281130', 4, 2, 49, 291.3),
('4801178930', '3293761050', '9931443100', 6, 2, 43, 23.5518),
('4813322970', '2858246300', '9496367620', 4, 2, 44, 431.455),
('4951288120', '8273673360', '9188101030', 7, 4, 31, 308.15),
('5032816100', '8520662050', '3736228730', 7, 5, 46, 398.335),
('5113413490', '9003695350', '3518767940', 4, 1, 25, 412.239),
('5325563320', '9137320750', '2158285750', 1, 5, 20, 443.11),
('5331383380', '9003695350', '4895654960', 3, 4, 31, 433.793),
('5363328230', '3293761050', '7710795310', 6, 4, 11, 447.092),
('5387422150', '8273673360', '9074763910', 5, 5, 17, 227.479),
('5399584230', '7843132380', '2501855870', 5, 3, 18, 341.933),
('5414818780', '1097561230', '2799283920', 6, 4, 37, 140.393),
('5421190270', '7843132380', '4394042730', 7, 4, 40, 378.117),
('5432601720', '1978532260', '8718662350', 3, 1, 22, 160.076),
('5580940090', '2918249160', '9141206640', 5, 1, 27, 347.513),
('5581348830', '7431193640', '2399193090', 5, 4, 15, 96.2475),
('5621652330', '2775573510', '9196855770', 7, 5, 27, 94.1625),
('5652250220', '4815984600', '6165870410', 6, 5, 14, 67.7464),
('5737457820', '7431193640', '9579234740', 2, 4, 18, 171.349),
('5774131250', '9134773970', '4594484420', 6, 4, 10, 71.8232),
('5861136490', '1097561230', '2406374690', 6, 1, 5, 399.774),
('5874514960', '8520662050', '8455858240', 6, 3, 3, 109.439),
('5883797100', '9003695350', '5701760340', 5, 3, 4, 336.666),
('5898645970', '2858246300', '3903845100', 4, 3, 35, 495.548),
('6012214660', '3405260250', '2884138250', 3, 3, 22, 279.104),
('6080568880', '6139192010', '9781979020', 2, 4, 20, 402.85),
('6086673030', '8520662050', '4629951280', 7, 3, 2, 190.55),
('6129809490', '8334064770', '6570555990', 2, 1, 34, 474.983),
('6132433460', '5824370600', '2727616140', 4, 5, 21, 394.984),
('6153807280', '7884538500', '8219466860', 2, 2, 48, 348.816),
('6154147800', '2775573510', '6383374130', 5, 1, 26, 330.263),
('6212990940', '8166363500', '5174166350', 6, 5, 14, 458.422),
('6288971010', '9137320750', '9253259320', 5, 5, 2, 404.033),
('6299463710', '2775573510', '2312620360', 2, 2, 45, 138.402),
('6390755600', '7884538500', '6173167460', 5, 4, 23, 187.243),
('6467666680', '8273673360', '2807655700', 3, 1, 41, 374.225),
('6583435570', '6795490950', '1933119790', 7, 1, 25, 90.1271),
('6736862430', '9897771970', '7550507350', 7, 2, 35, 354.226),
('6740058280', '4815984600', '2262216310', 3, 4, 35, 449.8),
('6757548420', '4815984600', '3442372450', 1, 3, 4, 359.658),
('6777941600', '3867524370', '9961377040', 3, 4, 4, 161.96),
('6796174890', '4815984600', '1681104890', 4, 2, 32, 297.626),
('6953094160', '8087865230', '5148516510', 4, 2, 31, 115.809),
('6960522090', '9919249060', '4234690850', 4, 1, 49, 439.801),
('6987902310', '8087865230', '8449444880', 1, 3, 43, 270.094),
('7007054500', '8166363500', '7159968260', 7, 5, 2, 120.985),
('7214430230', '2734104870', '9271201200', 1, 1, 30, 291.122),
('7238858980', '7884538500', '5742635590', 2, 1, 25, 456.229),
('7264250720', '8520662050', '7157032030', 7, 3, 36, 229.478),
('7318946460', '8087865230', '1864445820', 6, 3, 4, 250.155),
('7359351120', '8166363500', '8672962660', 2, 3, 6, 320.602),
('7431493640', '7162847370', '5422118830', 7, 1, 40, 340.503),
('7472975860', '9137320750', '9048245130', 3, 2, 11, 401.467),
('7488546660', '8520662050', '8559244090', 6, 2, 44, 56.7035),
('7500868870', '7843132380', '6253694750', 6, 4, 50, 388.891),
('7505465530', '3293761050', '6069644650', 2, 3, 15, 160.076),
('7512728820', '6139192010', '8763313190', 4, 2, 14, 390.032),
('7513976010', '9858154320', '6234164790', 6, 3, 30, 488.373),
('7535768560', '8520662050', '4548155260', 3, 5, 7, 66.3427),
('7583004220', '1978532260', '1256549200', 6, 2, 10, 81.2069),
('7702154670', '9858154320', '4634698460', 5, 1, 48, 249.021),
('7810858460', '5824370600', '9662614350', 1, 4, 8, 309.696),
('7929952720', '6962593290', '4414553820', 4, 2, 45, 462.502),
('7979260610', '3405260250', '3972747520', 1, 5, 20, 121.276),
('8000732290', '7162847370', '3567963610', 5, 2, 13, 107.567),
('8043404580', '6139192010', '4351530060', 7, 1, 4, 38.0495),
('8112289230', '1097561230', '8360488900', 5, 2, 39, 324.086),
('8168067600', '1894763470', '6572162870', 3, 2, 15, 374.242),
('8228661520', '8091352410', '7405659120', 2, 1, 49, 459.927),
('8234201070', '7843132380', '6062658220', 5, 4, 7, 423.506),
('8263573140', '9919249060', '4198766970', 1, 5, 1, 442.834),
('8322327180', '6795490950', '9525449130', 4, 5, 21, 474.201),
('8349674220', '9919249060', '8470386200', 1, 1, 3, 166.319),
('8368077550', '9757000650', '8054597800', 3, 2, 19, 169.963),
('8370102560', '9134773970', '5890698900', 7, 1, 10, 47.6428),
('8408015850', '8087865230', '1069631820', 6, 1, 1, 152.854),
('8568027450', '9919249060', '6250446620', 5, 2, 23, 225.471),
('8612828990', '6139192010', '2180810830', 5, 4, 6, 224.727),
('8673631080', '5824370600', '2089881500', 6, 5, 15, 493.883),
('8801777120', '9003695350', '2528464480', 2, 5, 13, 156.178),
('8839258690', '6795490950', '9204114680', 1, 5, 44, 172.926),
('8917394700', '7843132380', '3508367910', 1, 1, 22, 160.193),
('9019284770', '1978532260', '5099383600', 5, 5, 35, 324.865),
('9046928070', '3293761050', '7256732740', 6, 1, 35, 417.025),
('9088907990', '3405260250', '1055401710', 6, 3, 40, 443.407),
('9122431080', '3293761050', '3404101490', 5, 5, 27, 453.76),
('9139372540', '1978532260', '6440616120', 2, 1, 38, 60.2043),
('9157112290', '7162847370', '3737657400', 4, 5, 11, 44.1807),
('9159882160', '8087865230', '6441705670', 3, 3, 44, 247.593),
('9170433300', '9134773970', '6901621660', 6, 5, 18, 96.2195),
('9236870080', '9134773970', '5421312920', 6, 2, 21, 131.067),
('9245187040', '3293761050', '3958174560', 2, 3, 35, 312.6),
('9278255890', '1894763470', '9620350100', 5, 1, 45, 468.501),
('9307178720', '2775573510', '6433961400', 3, 2, 38, 440.738),
('9362548540', '2734104870', '9386938170', 6, 4, 6, 429.007),
('9367666460', '4815984600', '7237759990', 7, 1, 39, 42.3807),
('9370188890', '3293761050', '5909880190', 1, 4, 50, 229.602),
('9400940620', '1978532260', '2535674820', 3, 3, 33, 258.099),
('9457858720', '9757000650', '7179732650', 2, 2, 43, 190.934),
('9517000210', '9003695350', '1462459110', 7, 5, 32, 304.92),
('9560721470', '2858246300', '5075004020', 7, 3, 30, 336.511),
('9604275750', '7884538500', '4565020190', 1, 2, 21, 368.317),
('9625775340', '6139192010', '5137470110', 4, 5, 35, 279.476),
('9693755730', '7884538500', '4568648980', 6, 4, 6, 413.746),
('9746466080', '8087865230', '5955082750', 5, 2, 21, 189.116),
('9757413130', '8091352410', '5781913890', 6, 4, 38, 435.559),
('9816657920', '9137320750', '6410479010', 1, 2, 18, 74.6529),
('9882152180', '8273673360', '6375620640', 7, 3, 19, 18.8853),
('9916478520', '6962593290', '2615891370', 3, 5, 17, 253.829),
('9929516250', '6962593290', '9456536750', 7, 5, 12, 38.9571),
('9959417770', '7162847370', '3974281060', 7, 3, 5, 10.5753),
('9962443650', '9757000650', '4704131480', 4, 1, 39, 232.637);

-- --------------------------------------------------------

--
-- Table structure for table `vehicle`
--

CREATE TABLE `vehicle` (
  `VIN` char(17) NOT NULL,
  `FleetID` char(10) DEFAULT NULL,
  `Make` varchar(30) NOT NULL,
  `Model` varchar(30) NOT NULL,
  `OccupantCapacity` smallint(6) DEFAULT NULL
) ENGINE=InnoDB DEFAULT CHARSET=latin1;

--
-- Dumping data for table `vehicle`
--

INSERT INTO `vehicle` (`VIN`, `FleetID`, `Make`, `Model`, `OccupantCapacity`) VALUES
('10059588859049941', '4118385650', 'Make', 'Model', 6),
('10066083319270550', '6759659260', 'Make', 'Model', 2),
('10084578181867825', '9099395750', 'Make', 'Model', 1),
('10092571350479722', '4021582250', 'Make', 'Model', 2),
('10137048311150498', '6544019880', 'Make', 'Model', 2),
('10159696090277780', '8297325620', 'Make', 'Model', 3),
('10167839518315715', '6510168810', 'Make', 'Model', 2),
('10213096332436041', '1402442130', 'Make', 'Model', 4),
('10220324799724819', '4118385650', 'Make', 'Model', 5),
('10227965943919778', '3200980300', 'Make', 'Model', 5),
('10289833193236150', '9968358200', 'Make', 'Model', 1),
('10324012915882298', '9099395750', 'Make', 'Model', 2),
('10454175714792893', '4806698290', 'Make', 'Model', 6),
('10454227920982206', '9029062600', 'Make', 'Model', 3),
('10501120361580505', '3573483610', 'Make', 'Model', 7),
('10558955630947953', '6544019880', 'Make', 'Model', 2),
('10576310454521505', '8264706180', 'Make', 'Model', 7),
('10627724061542864', '6544019880', 'Make', 'Model', 6),
('10641173684840032', '7014766950', 'Make', 'Model', 7),
('10666164361393202', '6510168810', 'Make', 'Model', 7),
('10703365499727999', '3200980300', 'Make', 'Model', 3),
('10749894547444710', '3200980300', 'Make', 'Model', 2),
('10814936640612824', '5953520130', 'Make', 'Model', 7),
('10843746696151882', '9099395750', 'Make', 'Model', 7),
('10862238842682949', '2031934400', 'Make', 'Model', 3),
('10908189331060071', '8264706180', 'Make', 'Model', 2),
('10983453874122882', '9384040510', 'Make', 'Model', 2),
('11021836161008690', '7014766950', 'Make', 'Model', 6),
('11110624529344485', '5953520130', 'Make', 'Model', 3),
('11134607665596648', '1402442130', 'Make', 'Model', 4),
('11140952315604425', '4021582250', 'Make', 'Model', 3),
('11185617449491892', '1402442130', 'Make', 'Model', 6),
('11206578738734782', '9968358200', 'Make', 'Model', 6),
('11285432754755008', '6759659260', 'Make', 'Model', 7),
('11391621249120642', '9968358200', 'Make', 'Model', 5),
('11394590719990871', '7014766950', 'Make', 'Model', 2),
('11486589690012789', '1884150710', 'Make', 'Model', 6),
('11616366068617723', '3573483610', 'Make', 'Model', 2),
('11616928474024651', '1568687100', 'Make', 'Model', 5),
('11675498048057520', '9384040510', 'Make', 'Model', 1),
('11696511297647055', '7348063080', 'Make', 'Model', 5),
('11788354412886318', '7204999280', 'Make', 'Model', 2),
('11797571981615251', '3130351420', 'Make', 'Model', 4),
('11830128546069398', '4021582250', 'Make', 'Model', 2),
('11878476278606721', '7014766950', 'Make', 'Model', 1),
('11932311076174795', '8297325620', 'Make', 'Model', 5),
('11963690753712077', '7014766950', 'Make', 'Model', 5),
('11990998787842683', '2031934400', 'Make', 'Model', 5),
('12212191437864979', '6759659260', 'Make', 'Model', 5),
('12385349797627846', '6145401140', 'Make', 'Model', 1),
('12438097947599452', '1884150710', 'Make', 'Model', 1),
('12456280966710033', '9631097420', 'Make', 'Model', 3),
('12502521875714700', '4677080340', 'Make', 'Model', 2),
('12512125482760923', '3968090450', 'Make', 'Model', 3),
('12518778671365647', '7204999280', 'Make', 'Model', 2),
('12526189491618869', '7014766950', 'Make', 'Model', 7),
('12528050099544793', '4457341160', 'Make', 'Model', 3),
('12692557890083051', '7348063080', 'Make', 'Model', 5),
('12712720640349878', '9099395750', 'Make', 'Model', 5),
('12726219772423393', '6510468940', 'Make', 'Model', 2),
('12731785323963525', '1884150710', 'Make', 'Model', 2),
('12759029275185844', '9384040510', 'Make', 'Model', 4),
('12878267318716666', '5953520130', 'Make', 'Model', 5),
('12883430680137614', '3573483610', 'Make', 'Model', 7),
('12909973047387858', '3130351420', 'Make', 'Model', 1),
('12942198636771163', '9029062600', 'Make', 'Model', 5),
('12954300754712297', '7014766950', 'Make', 'Model', 4),
('12978908718395585', '3130351420', 'Make', 'Model', 5),
('13009241531422234', '1884150710', 'Make', 'Model', 2),
('13103535765418811', '6510468940', 'Make', 'Model', 1),
('13171847991156034', '3968090450', 'Make', 'Model', 7),
('13199957344930264', '3200980300', 'Make', 'Model', 1),
('13228401746780078', '2522537300', 'Make', 'Model', 2),
('13407124319131205', '7204999280', 'Make', 'Model', 3),
('13413636218824222', '4457341160', 'Make', 'Model', 6),
('13459574493154846', '3200980300', 'Make', 'Model', 1),
('13523648818341719', '9029062600', 'Make', 'Model', 4),
('13533358045059768', '1884150710', 'Make', 'Model', 7),
('13561050713154038', '6759659260', 'Make', 'Model', 4),
('13579832610907804', '3573483610', 'Make', 'Model', 4),
('13597824175602418', '9631097420', 'Make', 'Model', 2),
('13661931446986235', '6145401140', 'Make', 'Model', 5),
('13981828031539317', '2522537300', 'Make', 'Model', 7),
('14075479367571470', '4118385650', 'Make', 'Model', 5),
('14155043581491714', '4021582250', 'Make', 'Model', 6),
('14172323985441043', '7014766950', 'Make', 'Model', 7),
('14211686790796909', '8264706180', 'Make', 'Model', 7),
('14292004030587567', '9029062600', 'Make', 'Model', 5),
('14445956789914777', '1884150710', 'Make', 'Model', 4),
('14480803381907785', '9968358200', 'Make', 'Model', 7),
('14495823168121418', '9631097420', 'Make', 'Model', 6),
('14502239098074406', '4021582250', 'Make', 'Model', 3),
('14625580156402076', '7014766950', 'Make', 'Model', 4),
('14641532732851390', '5953520130', 'Make', 'Model', 2),
('14710306932758702', '7014766950', 'Make', 'Model', 6),
('14760141896224026', '9029062600', 'Make', 'Model', 5),
('14880606522264828', '2031934400', 'Make', 'Model', 4),
('14921202142641095', '9384040510', 'Make', 'Model', 6),
('15086385636692925', '3573483610', 'Make', 'Model', 4),
('15220189389029267', '7348063080', 'Make', 'Model', 1),
('15290546480619176', '1368795270', 'Make', 'Model', 1),
('15387639666264360', '5953520130', 'Make', 'Model', 6),
('15454886494791920', '9384040510', 'Make', 'Model', 5),
('15527134598067113', '4677080340', 'Make', 'Model', 7),
('15539436466352868', '3968090450', 'Make', 'Model', 7),
('15546614830510195', '8264706180', 'Make', 'Model', 1),
('15559680777858169', '5953520130', 'Make', 'Model', 6),
('15606954913302307', '9968358200', 'Make', 'Model', 5),
('15713965735508563', '6844822150', 'Make', 'Model', 6),
('15719286375958603', '2031934400', 'Make', 'Model', 5),
('15794275776298548', '9029062600', 'Make', 'Model', 7),
('15951605776814531', '4806698290', 'Make', 'Model', 6),
('16038725497953863', '2031934400', 'Make', 'Model', 2),
('16058191252349073', '7014766950', 'Make', 'Model', 5),
('16063852161880512', '1884150710', 'Make', 'Model', 1),
('16088695371908200', '1368795270', 'Make', 'Model', 1),
('16108749487871699', '4457341160', 'Make', 'Model', 4),
('16113122042711199', '8297325620', 'Make', 'Model', 3),
('16134578436787124', '4457341160', 'Make', 'Model', 3),
('16160916424735572', '6510168810', 'Make', 'Model', 2),
('16227617411496813', '9968358200', 'Make', 'Model', 7),
('16235307180492883', '9968358200', 'Make', 'Model', 5),
('16284933544497617', '1402442130', 'Make', 'Model', 3),
('16375045524364305', '7348063080', 'Make', 'Model', 4),
('16529847249636588', '9099395750', 'Make', 'Model', 7),
('16596791821517460', '2031934400', 'Make', 'Model', 6),
('16603227042960202', '1568687100', 'Make', 'Model', 1),
('16853744433536686', '1884150710', 'Make', 'Model', 1),
('16991648219318687', '7204999280', 'Make', 'Model', 1),
('17141134641462273', '4457341160', 'Make', 'Model', 7),
('17142078662376625', '7204999280', 'Make', 'Model', 3),
('17344269216315299', '1402442130', 'Make', 'Model', 3),
('17411590497728332', '6145401140', 'Make', 'Model', 7),
('17422840259856568', '6510168810', 'Make', 'Model', 1),
('17424360465454025', '6510168810', 'Make', 'Model', 7),
('17526205418227008', '6544019880', 'Make', 'Model', 7),
('17650899428991376', '6510168810', 'Make', 'Model', 3),
('17660728361083338', '3130351420', 'Make', 'Model', 4),
('17664976834100663', '3968090450', 'Make', 'Model', 2),
('17709967877235154', '1402442130', 'Make', 'Model', 3),
('17876392755633103', '8264706180', 'Make', 'Model', 3),
('17895670645840720', '9384040510', 'Make', 'Model', 2),
('17991182040668824', '1568687100', 'Make', 'Model', 2),
('17993843688627953', '5953520130', 'Make', 'Model', 3),
('17998015541753177', '8264706180', 'Make', 'Model', 6),
('18012177589532212', '6145401140', 'Make', 'Model', 7),
('18055502647595515', '8297325620', 'Make', 'Model', 1),
('18058041783098967', '6510168810', 'Make', 'Model', 2),
('18160810563504201', '9029062600', 'Make', 'Model', 4),
('18181894578195998', '6510468940', 'Make', 'Model', 1),
('18191648248345116', '9099395750', 'Make', 'Model', 5),
('18243983526511044', '1884150710', 'Make', 'Model', 4),
('18355118212908859', '9384040510', 'Make', 'Model', 7),
('18362492742641709', '2522537300', 'Make', 'Model', 7),
('18404974931944732', '1884150710', 'Make', 'Model', 7),
('18530924499655153', '4021582250', 'Make', 'Model', 7),
('18717877895127833', '7348063080', 'Make', 'Model', 4),
('18738917529783592', '6544019880', 'Make', 'Model', 4),
('18862449150194189', '2522537300', 'Make', 'Model', 1),
('18883649853058227', '9631097420', 'Make', 'Model', 5),
('18933431725515106', '2522537300', 'Make', 'Model', 4),
('19004971011397035', '4118385650', 'Make', 'Model', 7),
('19050005043603746', '1884150710', 'Make', 'Model', 6),
('19079354563569286', '4021582250', 'Make', 'Model', 3),
('19095580232965291', '7348063080', 'Make', 'Model', 4),
('19209232975093246', '7348063080', 'Make', 'Model', 5),
('19280578410424173', '7204999280', 'Make', 'Model', 2),
('19335717784149629', '9099395750', 'Make', 'Model', 1),
('19401282532700924', '6544019880', 'Make', 'Model', 6),
('19435294249976680', '6510168810', 'Make', 'Model', 7),
('19454452672664109', '4021582250', 'Make', 'Model', 2),
('19547634668991328', '9099395750', 'Make', 'Model', 2),
('19549672336810056', '7204999280', 'Make', 'Model', 5),
('19562923170155585', '3968090450', 'Make', 'Model', 6),
('19579618541975545', '2031934400', 'Make', 'Model', 4),
('19684897882867530', '3130351420', 'Make', 'Model', 7),
('19686143625835044', '3573483610', 'Make', 'Model', 5),
('19742915556801874', '4806698290', 'Make', 'Model', 2),
('19808273170665596', '6544019880', 'Make', 'Model', 3),
('19905426657495224', '5953520130', 'Make', 'Model', 4),
('19916364919879739', '2031934400', 'Make', 'Model', 1),
('19994436317703987', '9968358200', 'Make', 'Model', 1),
('20082929863415748', '8297325620', 'Make', 'Model', 7),
('20131998789813876', '6145401140', 'Make', 'Model', 7),
('20178716611436318', '6759659260', 'Make', 'Model', 6),
('20199613830539494', '4118385650', 'Make', 'Model', 5),
('20205841823340616', '3573483610', 'Make', 'Model', 1),
('20209291961068620', '9968358200', 'Make', 'Model', 7),
('20213125078525311', '1884150710', 'Make', 'Model', 7),
('20267042692933916', '7014766950', 'Make', 'Model', 5),
('20337939989537529', '4021582250', 'Make', 'Model', 7),
('20344293063864810', '4457341160', 'Make', 'Model', 1),
('20363582288761268', '3968090450', 'Make', 'Model', 4),
('20374634275953022', '6510168810', 'Make', 'Model', 1),
('20444859212925672', '6544019880', 'Make', 'Model', 1),
('20504484554352328', '2522537300', 'Make', 'Model', 2),
('20506444963529389', '6510468940', 'Make', 'Model', 1),
('20635426637624645', '3130351420', 'Make', 'Model', 3),
('20826206824082174', '8264706180', 'Make', 'Model', 5),
('20984606176388735', '7204999280', 'Make', 'Model', 7),
('21092138135882136', '9968358200', 'Make', 'Model', 2),
('21126835246932468', '4118385650', 'Make', 'Model', 5),
('21131171193472315', '4806698290', 'Make', 'Model', 4),
('21148005631627242', '7014766950', 'Make', 'Model', 5),
('21189139280430037', '4118385650', 'Make', 'Model', 2),
('21228092387117847', '9029062600', 'Make', 'Model', 4),
('21232539599442726', '7348063080', 'Make', 'Model', 6),
('21402539584257511', '1402442130', 'Make', 'Model', 5),
('21517144313088778', '6759659260', 'Make', 'Model', 1),
('21527059685586990', '9384040510', 'Make', 'Model', 5),
('21611870496832269', '9029062600', 'Make', 'Model', 5),
('21646168527072236', '6544019880', 'Make', 'Model', 2),
('21681786052470976', '7204999280', 'Make', 'Model', 4),
('21703948267266464', '4806698290', 'Make', 'Model', 1),
('21719595597013721', '4021582250', 'Make', 'Model', 6),
('21763598461685699', '4118385650', 'Make', 'Model', 1),
('21771390682485236', '4118385650', 'Make', 'Model', 2),
('21820520741124156', '6145401140', 'Make', 'Model', 4),
('21890353720440860', '6544019880', 'Make', 'Model', 2),
('21896754643395806', '8297325620', 'Make', 'Model', 2),
('21898189660935957', '5953520130', 'Make', 'Model', 4),
('21955611972694726', '4457341160', 'Make', 'Model', 4),
('22044297018257870', '6145401140', 'Make', 'Model', 7),
('22047708956701194', '4677080340', 'Make', 'Model', 7),
('22173948639238205', '7348063080', 'Make', 'Model', 3),
('22187374910709809', '8264706180', 'Make', 'Model', 3),
('22370819085705392', '6510468940', 'Make', 'Model', 2),
('22406057043539078', '1368795270', 'Make', 'Model', 1),
('22444506342287030', '8264706180', 'Make', 'Model', 2),
('22505722750270473', '4457341160', 'Make', 'Model', 3),
('22510812329492926', '9029062600', 'Make', 'Model', 4),
('22566730928851717', '1568687100', 'Make', 'Model', 7),
('22668230942091108', '4021582250', 'Make', 'Model', 6),
('22686691128149804', '3200980300', 'Make', 'Model', 2),
('22727190681953219', '4677080340', 'Make', 'Model', 2),
('22796964057112679', '4457341160', 'Make', 'Model', 3),
('22802122435954924', '3573483610', 'Make', 'Model', 2),
('22839210578223361', '1368795270', 'Make', 'Model', 4),
('22932782955997671', '6844822150', 'Make', 'Model', 5),
('22978001594626633', '5953520130', 'Make', 'Model', 5),
('22986788614484176', '6145401140', 'Make', 'Model', 1),
('23058903033079967', '1402442130', 'Make', 'Model', 1),
('23163957277353814', '9029062600', 'Make', 'Model', 2),
('23177745717275563', '7014766950', 'Make', 'Model', 5),
('23338843823317375', '6844822150', 'Make', 'Model', 6),
('23405302075064304', '4806698290', 'Make', 'Model', 4),
('23488083549847546', '4677080340', 'Make', 'Model', 6),
('23543812079769651', '6844822150', 'Make', 'Model', 1),
('23572036037497372', '9968358200', 'Make', 'Model', 6),
('23656432346350986', '1568687100', 'Make', 'Model', 5),
('23910271717860107', '6145401140', 'Make', 'Model', 5),
('23971783065830473', '7204999280', 'Make', 'Model', 4),
('23991767916046709', '6510468940', 'Make', 'Model', 3),
('24011879927981731', '8297325620', 'Make', 'Model', 7),
('24117176779471755', '9099395750', 'Make', 'Model', 6),
('24153267743172754', '1368795270', 'Make', 'Model', 2),
('24166838031868350', '9029062600', 'Make', 'Model', 3),
('24193993490340205', '9029062600', 'Make', 'Model', 7),
('24239684158077612', '9631097420', 'Make', 'Model', 5),
('24253274851153793', '3573483610', 'Make', 'Model', 4),
('24308316878024338', '4806698290', 'Make', 'Model', 6),
('24541653665852703', '4457341160', 'Make', 'Model', 2),
('24602415210106362', '6510168810', 'Make', 'Model', 3),
('24628932529553075', '6510468940', 'Make', 'Model', 7),
('24744203774239007', '1402442130', 'Make', 'Model', 3),
('24774425899863203', '5953520130', 'Make', 'Model', 2),
('24900207369140597', '9631097420', 'Make', 'Model', 1),
('24953658558422720', '6844822150', 'Make', 'Model', 2),
('25008137672811635', '5953520130', 'Make', 'Model', 5),
('25060140758178143', '7204999280', 'Make', 'Model', 7),
('25095183841080445', '7014766950', 'Make', 'Model', 5),
('25106829565526106', '1568687100', 'Make', 'Model', 5),
('25232026388590046', '3968090450', 'Make', 'Model', 7),
('25270565025259978', '7014766950', 'Make', 'Model', 3),
('25332564447399601', '6510468940', 'Make', 'Model', 1),
('25419974342619841', '9384040510', 'Make', 'Model', 5),
('25445003976925542', '4806698290', 'Make', 'Model', 3),
('25457504175044232', '4457341160', 'Make', 'Model', 7),
('25531301550804285', '1568687100', 'Make', 'Model', 4),
('25714086356660136', '7348063080', 'Make', 'Model', 5),
('25869021677749058', '6544019880', 'Make', 'Model', 7),
('25889970581634587', '1402442130', 'Make', 'Model', 2),
('25914281660620018', '1402442130', 'Make', 'Model', 3),
('25976252772376315', '9099395750', 'Make', 'Model', 4),
('26004332234466589', '2031934400', 'Make', 'Model', 5),
('26111078249139647', '3573483610', 'Make', 'Model', 3),
('26265572555688722', '3200980300', 'Make', 'Model', 6),
('26400651763702455', '2522537300', 'Make', 'Model', 3),
('26431564788146029', '7204999280', 'Make', 'Model', 2),
('26443365713594085', '3968090450', 'Make', 'Model', 7),
('26444154647474519', '8264706180', 'Make', 'Model', 7),
('26510371394850289', '6844822150', 'Make', 'Model', 3),
('26621497198805621', '6759659260', 'Make', 'Model', 1),
('26883231865254281', '9968358200', 'Make', 'Model', 1),
('26895940998131661', '6759659260', 'Make', 'Model', 7),
('27076901641232514', '3130351420', 'Make', 'Model', 6),
('27258380847106180', '6759659260', 'Make', 'Model', 2),
('27281428597436712', '4118385650', 'Make', 'Model', 7),
('27329095754078297', '2522537300', 'Make', 'Model', 7),
('27332667778257712', '3200980300', 'Make', 'Model', 3),
('27404102837825187', '1884150710', 'Make', 'Model', 2),
('27493373786056882', '1368795270', 'Make', 'Model', 6),
('27517519960761057', '6759659260', 'Make', 'Model', 7),
('27547474889254864', '4677080340', 'Make', 'Model', 7),
('27676198320787502', '9029062600', 'Make', 'Model', 6),
('27760719384413864', '9384040510', 'Make', 'Model', 2),
('27786793818477935', '4118385650', 'Make', 'Model', 6),
('27919111160113811', '8264706180', 'Make', 'Model', 5),
('27927681053145576', '7204999280', 'Make', 'Model', 3),
('27938935797696739', '1568687100', 'Make', 'Model', 4),
('28028416997919806', '1402442130', 'Make', 'Model', 3),
('28046540166936757', '6844822150', 'Make', 'Model', 1),
('28090061137886786', '9631097420', 'Make', 'Model', 7),
('28324519924792221', '9968358200', 'Make', 'Model', 4),
('28349997682291027', '4677080340', 'Make', 'Model', 2),
('28654809629198610', '5953520130', 'Make', 'Model', 5),
('28746078879127880', '8264706180', 'Make', 'Model', 3),
('28760706054603697', '6145401140', 'Make', 'Model', 2),
('28815481821187098', '1568687100', 'Make', 'Model', 7),
('28897945388731157', '1568687100', 'Make', 'Model', 3),
('28962388588169319', '1568687100', 'Make', 'Model', 4),
('29004800235655012', '7348063080', 'Make', 'Model', 5),
('29141730731904165', '6510168810', 'Make', 'Model', 5),
('29227321242720724', '3130351420', 'Make', 'Model', 2),
('29327428817370350', '1884150710', 'Make', 'Model', 6),
('29372651698627871', '3968090450', 'Make', 'Model', 4),
('29377134947757037', '1368795270', 'Make', 'Model', 7),
('29427720485921988', '4806698290', 'Make', 'Model', 5),
('29503529251148690', '4806698290', 'Make', 'Model', 3),
('29551832879609779', '7204999280', 'Make', 'Model', 1),
('29620714974439866', '7204999280', 'Make', 'Model', 3),
('29670393720810860', '4457341160', 'Make', 'Model', 5),
('29671631149867358', '8297325620', 'Make', 'Model', 1),
('29737146359026757', '9384040510', 'Make', 'Model', 3),
('29758169641396706', '1884150710', 'Make', 'Model', 6),
('29875691748219904', '9029062600', 'Make', 'Model', 3),
('29966448015283715', '2031934400', 'Make', 'Model', 3),
('30091868994634250', '9631097420', 'Make', 'Model', 1),
('30095569757852834', '4806698290', 'Make', 'Model', 6),
('30212005561143886', '4806698290', 'Make', 'Model', 3),
('30250849594388435', '2522537300', 'Make', 'Model', 2),
('30331571473269650', '4806698290', 'Make', 'Model', 7),
('30340997438900194', '1368795270', 'Make', 'Model', 3),
('30379646928808438', '3130351420', 'Make', 'Model', 7),
('30400730262225615', '8264706180', 'Make', 'Model', 7),
('30490745032952022', '1568687100', 'Make', 'Model', 5),
('30521039158905020', '7014766950', 'Make', 'Model', 5),
('30529232510222582', '9631097420', 'Make', 'Model', 2),
('30547169312066022', '4118385650', 'Make', 'Model', 7),
('30617120055965817', '3130351420', 'Make', 'Model', 1),
('30804290154075796', '4677080340', 'Make', 'Model', 5),
('30835683889824395', '6544019880', 'Make', 'Model', 7),
('30862523067116771', '7204999280', 'Make', 'Model', 5),
('30972988975916107', '3968090450', 'Make', 'Model', 2),
('31112270819575704', '1402442130', 'Make', 'Model', 1),
('31244684867204827', '9968358200', 'Make', 'Model', 6),
('31327235380732478', '7348063080', 'Make', 'Model', 7),
('31537956483480810', '1884150710', 'Make', 'Model', 3),
('31623500951440973', '9099395750', 'Make', 'Model', 1),
('31698169269397744', '7204999280', 'Make', 'Model', 3),
('31759888012212590', '6759659260', 'Make', 'Model', 5),
('31809047652034632', '6510468940', 'Make', 'Model', 5),
('31869475439316622', '6510468940', 'Make', 'Model', 7),
('31893321763299680', '3200980300', 'Make', 'Model', 1),
('31916316079133363', '8297325620', 'Make', 'Model', 4),
('31958727533086278', '6544019880', 'Make', 'Model', 7),
('31970357836551009', '8264706180', 'Make', 'Model', 2),
('32010416137999061', '6844822150', 'Make', 'Model', 3),
('32020169291370011', '6544019880', 'Make', 'Model', 4),
('32073529157336988', '6145401140', 'Make', 'Model', 2),
('32196682237317028', '5953520130', 'Make', 'Model', 5),
('32202481394517381', '1368795270', 'Make', 'Model', 3),
('32284009133017491', '6145401140', 'Make', 'Model', 7),
('32289555288208789', '4806698290', 'Make', 'Model', 5),
('32311312539978243', '2522537300', 'Make', 'Model', 1),
('32364285890636712', '3130351420', 'Make', 'Model', 7),
('32405926057679650', '3130351420', 'Make', 'Model', 7),
('32419275614136315', '9631097420', 'Make', 'Model', 3),
('32436043962128618', '4118385650', 'Make', 'Model', 3),
('32498530655349277', '9384040510', 'Make', 'Model', 1),
('32559996932724192', '5953520130', 'Make', 'Model', 2),
('32592614545489496', '9631097420', 'Make', 'Model', 6),
('32626418252824652', '1568687100', 'Make', 'Model', 6),
('32786343225144970', '7348063080', 'Make', 'Model', 6),
('32794468395926601', '6145401140', 'Make', 'Model', 1),
('32829274438610637', '3200980300', 'Make', 'Model', 5),
('32942835996913335', '1568687100', 'Make', 'Model', 7),
('33076474749400308', '4677080340', 'Make', 'Model', 3),
('33139712045397973', '9384040510', 'Make', 'Model', 4),
('33190167946647857', '4806698290', 'Make', 'Model', 5),
('33207545376025089', '4118385650', 'Make', 'Model', 2),
('33292518150780831', '6844822150', 'Make', 'Model', 2),
('33301130657791730', '7014766950', 'Make', 'Model', 4),
('33363851873727622', '3968090450', 'Make', 'Model', 5),
('33372779354376643', '8297325620', 'Make', 'Model', 2),
('33424304519369666', '9631097420', 'Make', 'Model', 1),
('33484859060306222', '6759659260', 'Make', 'Model', 3),
('33513766149661483', '7348063080', 'Make', 'Model', 2),
('33618630534008701', '5953520130', 'Make', 'Model', 1),
('33644827361241411', '6145401140', 'Make', 'Model', 2),
('33657750267211927', '9384040510', 'Make', 'Model', 4),
('33676857298384791', '4021582250', 'Make', 'Model', 7),
('33714645861045633', '2031934400', 'Make', 'Model', 3),
('33768681395785931', '4806698290', 'Make', 'Model', 2),
('33787294333583729', '1884150710', 'Make', 'Model', 6),
('33817887238203940', '4457341160', 'Make', 'Model', 2),
('33856443280459074', '8264706180', 'Make', 'Model', 3),
('33899099147624293', '7014766950', 'Make', 'Model', 4),
('34003828889158608', '1884150710', 'Make', 'Model', 5),
('34004098773813151', '9029062600', 'Make', 'Model', 1),
('34039465026732406', '5953520130', 'Make', 'Model', 7),
('34058547566232043', '8264706180', 'Make', 'Model', 5),
('34152912059023323', '4806698290', 'Make', 'Model', 3),
('34189158765961649', '6759659260', 'Make', 'Model', 5),
('34240857112414689', '7348063080', 'Make', 'Model', 5),
('34342886894636511', '3200980300', 'Make', 'Model', 3),
('34364391625599035', '9968358200', 'Make', 'Model', 2),
('34396224282167542', '1368795270', 'Make', 'Model', 3),
('34469511784717043', '8297325620', 'Make', 'Model', 6),
('34552804564106216', '9099395750', 'Make', 'Model', 6),
('34557957590667524', '2522537300', 'Make', 'Model', 1),
('34696154690659325', '1884150710', 'Make', 'Model', 7),
('34712089649993878', '1402442130', 'Make', 'Model', 1),
('34750648236264774', '9029062600', 'Make', 'Model', 1),
('34906148927007834', '9029062600', 'Make', 'Model', 7),
('34926082868587091', '4118385650', 'Make', 'Model', 7),
('34937200236988626', '8264706180', 'Make', 'Model', 6),
('35045623898091938', '8264706180', 'Make', 'Model', 1),
('35101281762352785', '9099395750', 'Make', 'Model', 6),
('35116305118205389', '7204999280', 'Make', 'Model', 3),
('35347466955234609', '9631097420', 'Make', 'Model', 5),
('35480421562394651', '9631097420', 'Make', 'Model', 2),
('35536996575924816', '7348063080', 'Make', 'Model', 4),
('35541768660396652', '4118385650', 'Make', 'Model', 6),
('35548194639116300', '9968358200', 'Make', 'Model', 6),
('35686347261244003', '8264706180', 'Make', 'Model', 5),
('35722096784265850', '1884150710', 'Make', 'Model', 6),
('35822517329841401', '3573483610', 'Make', 'Model', 3),
('35849733693460355', '4021582250', 'Make', 'Model', 6),
('35931851256396095', '6510468940', 'Make', 'Model', 6),
('35954559296645813', '6544019880', 'Make', 'Model', 4),
('36008822945478294', '6844822150', 'Make', 'Model', 4),
('36029439361910907', '5953520130', 'Make', 'Model', 3),
('36316286525326822', '9968358200', 'Make', 'Model', 6),
('36336086566615646', '7014766950', 'Make', 'Model', 1),
('36687618758390760', '8264706180', 'Make', 'Model', 3),
('36755945559052871', '6510468940', 'Make', 'Model', 5),
('36778254923670489', '6544019880', 'Make', 'Model', 5),
('36782341791372399', '2031934400', 'Make', 'Model', 1),
('36818595940344025', '4118385650', 'Make', 'Model', 1),
('37085453826010347', '3573483610', 'Make', 'Model', 6),
('37121211118991293', '1402442130', 'Make', 'Model', 1),
('37135874434215912', '1568687100', 'Make', 'Model', 5),
('37148432095783401', '5953520130', 'Make', 'Model', 5),
('37174186539113126', '9029062600', 'Make', 'Model', 7),
('37224943770132533', '3968090450', 'Make', 'Model', 2),
('37279624862938902', '3573483610', 'Make', 'Model', 1),
('37442465232650165', '7348063080', 'Make', 'Model', 2),
('37442883145397802', '1368795270', 'Make', 'Model', 7),
('37504329263186729', '9099395750', 'Make', 'Model', 3),
('37506645494152652', '1368795270', 'Make', 'Model', 1),
('37529299337853214', '8264706180', 'Make', 'Model', 7),
('37529523054781775', '3200980300', 'Make', 'Model', 6),
('37596529352925263', '8297325620', 'Make', 'Model', 5),
('37602790349255913', '9099395750', 'Make', 'Model', 5),
('37642092495831877', '3200980300', 'Make', 'Model', 6),
('37727000883927255', '6844822150', 'Make', 'Model', 3),
('37769674823262233', '7204999280', 'Make', 'Model', 7),
('37786970112144085', '8297325620', 'Make', 'Model', 2),
('37870319669812333', '4457341160', 'Make', 'Model', 7),
('37880105914850883', '3130351420', 'Make', 'Model', 4),
('37934384222766468', '1884150710', 'Make', 'Model', 1),
('37937310729023043', '6510468940', 'Make', 'Model', 6),
('38020682652911305', '3130351420', 'Make', 'Model', 1),
('38064099847538210', '6145401140', 'Make', 'Model', 2),
('38105111895106509', '2031934400', 'Make', 'Model', 4),
('38289845318109109', '9631097420', 'Make', 'Model', 3),
('38307273515093471', '6510168810', 'Make', 'Model', 3),
('38585456971417777', '3200980300', 'Make', 'Model', 6),
('38613731296939752', '3968090450', 'Make', 'Model', 3),
('38639038085902342', '2031934400', 'Make', 'Model', 5),
('38647067829054153', '9968358200', 'Make', 'Model', 6),
('38713163444544126', '6510468940', 'Make', 'Model', 1),
('38715016641518049', '4118385650', 'Make', 'Model', 4),
('38739928194523496', '4021582250', 'Make', 'Model', 3),
('38950419749035670', '2031934400', 'Make', 'Model', 7),
('39095936454955021', '4118385650', 'Make', 'Model', 7),
('39133892730541795', '6510468940', 'Make', 'Model', 7),
('39174970495740320', '9384040510', 'Make', 'Model', 6),
('39260568347880284', '1568687100', 'Make', 'Model', 6),
('39344760812336384', '1568687100', 'Make', 'Model', 7),
('39582146048072479', '9631097420', 'Make', 'Model', 6),
('39620503398662604', '7204999280', 'Make', 'Model', 4),
('39668918194577341', '6510168810', 'Make', 'Model', 2),
('39753448673724265', '2031934400', 'Make', 'Model', 3),
('39840389562783653', '8297325620', 'Make', 'Model', 1),
('39903039550528935', '1402442130', 'Make', 'Model', 2),
('39928644690299255', '8297325620', 'Make', 'Model', 4),
('40026987478183833', '4806698290', 'Make', 'Model', 6),
('40052744974789392', '7348063080', 'Make', 'Model', 4),
('40064045437246765', '1568687100', 'Make', 'Model', 6),
('40138623211316426', '3968090450', 'Make', 'Model', 4),
('40197021715789103', '6145401140', 'Make', 'Model', 1),
('40323698366425676', '2522537300', 'Make', 'Model', 3),
('40358929517988125', '1368795270', 'Make', 'Model', 3),
('40386092913867950', '4021582250', 'Make', 'Model', 6),
('40405910961298554', '7348063080', 'Make', 'Model', 5),
('40410974552564875', '4806698290', 'Make', 'Model', 1),
('40530567749314248', '9029062600', 'Make', 'Model', 1),
('40537584877748306', '1884150710', 'Make', 'Model', 5),
('40554773383215553', '9029062600', 'Make', 'Model', 2),
('40626190661075600', '1368795270', 'Make', 'Model', 4),
('40662907077812476', '7204999280', 'Make', 'Model', 3),
('40676961751612609', '4457341160', 'Make', 'Model', 1),
('40688055921552996', '9968358200', 'Make', 'Model', 7),
('40768671633725458', '9029062600', 'Make', 'Model', 7),
('40771177489679775', '6544019880', 'Make', 'Model', 3),
('40775306847163015', '4457341160', 'Make', 'Model', 3),
('40827466614132523', '6145401140', 'Make', 'Model', 1),
('40882276096790733', '6145401140', 'Make', 'Model', 1),
('40928697232326674', '6510168810', 'Make', 'Model', 5),
('40929571191265867', '1568687100', 'Make', 'Model', 2),
('40953095628878221', '6844822150', 'Make', 'Model', 3),
('41080176233522725', '4806698290', 'Make', 'Model', 6),
('41272870994733752', '3968090450', 'Make', 'Model', 2),
('41290498251537824', '8297325620', 'Make', 'Model', 5),
('41326641643947912', '9384040510', 'Make', 'Model', 6),
('41327495040630015', '3200980300', 'Make', 'Model', 2),
('41336518680349318', '1368795270', 'Make', 'Model', 2),
('41341357765786834', '9968358200', 'Make', 'Model', 7),
('41364329999937626', '1368795270', 'Make', 'Model', 3),
('41461415561276210', '3573483610', 'Make', 'Model', 4),
('41478574289748519', '9631097420', 'Make', 'Model', 1),
('41483729817495076', '7204999280', 'Make', 'Model', 4),
('41575716620159920', '9384040510', 'Make', 'Model', 7),
('41585134741255210', '9631097420', 'Make', 'Model', 1),
('41588750286012040', '7014766950', 'Make', 'Model', 1),
('41640597499696777', '4118385650', 'Make', 'Model', 5),
('41701314719629687', '4118385650', 'Make', 'Model', 7),
('41706137246901266', '4806698290', 'Make', 'Model', 7),
('41714461887652619', '9968358200', 'Make', 'Model', 2),
('41765361528542651', '5953520130', 'Make', 'Model', 4),
('41796726650694175', '2031934400', 'Make', 'Model', 3),
('41808224380509984', '3130351420', 'Make', 'Model', 1),
('41838444641473906', '3573483610', 'Make', 'Model', 6),
('41957383292650209', '9029062600', 'Make', 'Model', 1),
('42038883911299499', '4806698290', 'Make', 'Model', 7),
('42177376540070928', '9099395750', 'Make', 'Model', 6),
('42188572198435807', '3968090450', 'Make', 'Model', 7),
('42219845387330009', '2031934400', 'Make', 'Model', 7),
('42221105949526356', '1884150710', 'Make', 'Model', 5),
('42246499583331231', '9099395750', 'Make', 'Model', 2),
('42253518035653347', '1568687100', 'Make', 'Model', 6),
('42262753337125595', '3130351420', 'Make', 'Model', 7),
('42272910219228139', '4457341160', 'Make', 'Model', 5),
('42288238887444338', '2031934400', 'Make', 'Model', 4),
('42333594750468489', '4677080340', 'Make', 'Model', 4),
('42625207641209548', '6759659260', 'Make', 'Model', 5),
('42668830871540679', '7348063080', 'Make', 'Model', 5),
('42673877014602216', '3968090450', 'Make', 'Model', 4),
('42689265218642497', '6510168810', 'Make', 'Model', 6),
('42850877076959594', '3573483610', 'Make', 'Model', 2),
('42874928373179083', '7204999280', 'Make', 'Model', 4),
('42916710967839199', '1568687100', 'Make', 'Model', 2),
('42917222917009196', '7348063080', 'Make', 'Model', 6),
('43102952271917823', '9968358200', 'Make', 'Model', 1),
('43115026885600509', '1368795270', 'Make', 'Model', 6),
('43128722158611268', '8297325620', 'Make', 'Model', 1),
('43130175311150524', '1568687100', 'Make', 'Model', 5),
('43141845819318876', '9384040510', 'Make', 'Model', 3),
('43262058088959096', '9099395750', 'Make', 'Model', 4),
('43313529473505165', '6759659260', 'Make', 'Model', 5),
('43324276030621368', '6145401140', 'Make', 'Model', 3),
('43326313119372208', '3200980300', 'Make', 'Model', 1),
('43497647731103495', '8264706180', 'Make', 'Model', 7),
('43596178330642366', '6510168810', 'Make', 'Model', 1),
('43599171254635966', '9384040510', 'Make', 'Model', 2),
('43746998087708146', '5953520130', 'Make', 'Model', 2),
('43760826893082208', '4806698290', 'Make', 'Model', 1),
('43774341195443675', '6145401140', 'Make', 'Model', 1),
('43805153467153298', '6510468940', 'Make', 'Model', 5),
('43831081012218735', '2522537300', 'Make', 'Model', 6),
('43890609391258228', '4021582250', 'Make', 'Model', 5),
('43913046153070808', '4118385650', 'Make', 'Model', 4),
('44056949222043629', '3573483610', 'Make', 'Model', 1),
('44065801941798707', '6145401140', 'Make', 'Model', 5),
('44083640853700861', '1402442130', 'Make', 'Model', 6),
('44110137723414246', '9631097420', 'Make', 'Model', 1),
('44161356347100647', '7014766950', 'Make', 'Model', 5),
('44163836664701456', '2522537300', 'Make', 'Model', 2),
('44229142037676815', '4677080340', 'Make', 'Model', 2),
('44241811787304109', '8264706180', 'Make', 'Model', 3),
('44257654842245471', '3200980300', 'Make', 'Model', 3),
('44281911331476339', '8264706180', 'Make', 'Model', 3),
('44393254737289621', '9631097420', 'Make', 'Model', 7),
('44416732872335875', '3200980300', 'Make', 'Model', 3),
('44419192039246910', '8297325620', 'Make', 'Model', 4),
('44460458929899917', '1368795270', 'Make', 'Model', 3),
('44933732452185504', '6759659260', 'Make', 'Model', 6),
('44935665744087950', '8297325620', 'Make', 'Model', 2),
('44998061752011110', '1568687100', 'Make', 'Model', 5),
('45041860158386811', '4677080340', 'Make', 'Model', 3),
('45185689950426715', '3968090450', 'Make', 'Model', 2),
('45281503294211737', '5953520130', 'Make', 'Model', 6),
('45284162970661350', '6510468940', 'Make', 'Model', 7),
('45290275226494024', '5953520130', 'Make', 'Model', 2),
('45307122182746656', '4457341160', 'Make', 'Model', 5),
('45349450637970948', '6544019880', 'Make', 'Model', 1),
('45354959693362212', '4021582250', 'Make', 'Model', 3),
('45412789979093418', '9631097420', 'Make', 'Model', 7),
('45469815064757600', '9029062600', 'Make', 'Model', 5),
('45514745113682552', '4806698290', 'Make', 'Model', 1),
('45588829686426520', '9029062600', 'Make', 'Model', 3),
('45723402999736896', '7014766950', 'Make', 'Model', 1),
('45776067674012216', '6844822150', 'Make', 'Model', 4),
('45936766387080401', '3200980300', 'Make', 'Model', 3),
('45941180338571839', '3573483610', 'Make', 'Model', 7),
('45945112096409775', '2031934400', 'Make', 'Model', 3),
('45951760928714409', '6510468940', 'Make', 'Model', 3),
('45961881631570778', '1368795270', 'Make', 'Model', 4),
('45968402273939170', '4021582250', 'Make', 'Model', 5),
('46082311566400452', '6145401140', 'Make', 'Model', 4),
('46207143376136360', '3130351420', 'Make', 'Model', 4),
('46251621547888797', '6544019880', 'Make', 'Model', 2),
('46342729467800831', '9029062600', 'Make', 'Model', 2),
('46344109271993566', '4021582250', 'Make', 'Model', 1),
('46370814035162305', '6510468940', 'Make', 'Model', 3),
('46385029560300903', '4677080340', 'Make', 'Model', 1),
('46445043321976736', '4806698290', 'Make', 'Model', 3),
('46459045062076445', '2522537300', 'Make', 'Model', 4),
('46528631640965823', '4806698290', 'Make', 'Model', 4),
('46529869711600794', '1568687100', 'Make', 'Model', 5),
('46530682842073765', '4118385650', 'Make', 'Model', 5),
('46555254329860971', '4677080340', 'Make', 'Model', 5),
('46608058911633653', '4677080340', 'Make', 'Model', 3),
('46714641573189685', '4118385650', 'Make', 'Model', 3),
('46727938237845025', '9029062600', 'Make', 'Model', 4),
('46731972240139888', '9968358200', 'Make', 'Model', 2),
('46892972629891531', '6544019880', 'Make', 'Model', 3),
('46943152072209419', '6510168810', 'Make', 'Model', 2),
('47041127615184425', '8297325620', 'Make', 'Model', 6),
('47069833198450597', '4118385650', 'Make', 'Model', 6),
('47132659181595467', '6759659260', 'Make', 'Model', 3),
('47160329111718226', '1402442130', 'Make', 'Model', 1),
('47163805162778197', '4118385650', 'Make', 'Model', 6),
('47181553196707393', '7014766950', 'Make', 'Model', 1),
('47191404646558418', '8297325620', 'Make', 'Model', 7),
('47274246759303977', '1368795270', 'Make', 'Model', 2),
('47303580614808481', '4457341160', 'Make', 'Model', 2),
('47323547899385654', '3200980300', 'Make', 'Model', 4),
('47370875331947007', '7014766950', 'Make', 'Model', 7),
('47419295076506171', '7348063080', 'Make', 'Model', 4),
('47452031979456005', '1884150710', 'Make', 'Model', 7),
('47480529752700721', '8297325620', 'Make', 'Model', 7),
('47542409062155494', '6510168810', 'Make', 'Model', 5),
('47641532247311117', '1368795270', 'Make', 'Model', 6),
('47647987673626091', '3573483610', 'Make', 'Model', 4),
('47688693239267996', '9384040510', 'Make', 'Model', 6),
('47691689024817284', '6759659260', 'Make', 'Model', 5),
('47743394659221666', '3200980300', 'Make', 'Model', 4),
('47796183318427036', '9099395750', 'Make', 'Model', 1),
('47848542425093804', '9384040510', 'Make', 'Model', 2),
('47867895428532959', '6510168810', 'Make', 'Model', 3),
('47927282247422013', '2031934400', 'Make', 'Model', 1),
('47939197564016831', '4118385650', 'Make', 'Model', 7),
('47978000660378960', '6510468940', 'Make', 'Model', 1),
('48022176918655196', '3573483610', 'Make', 'Model', 1),
('48149320531147743', '4118385650', 'Make', 'Model', 1),
('48162576062813198', '4118385650', 'Make', 'Model', 7),
('48242485272271116', '9384040510', 'Make', 'Model', 6),
('48242893127839794', '1368795270', 'Make', 'Model', 5),
('48245653344351497', '4021582250', 'Make', 'Model', 3),
('48277525389434203', '4021582250', 'Make', 'Model', 7),
('48287646834933876', '6759659260', 'Make', 'Model', 1),
('48316293317082373', '5953520130', 'Make', 'Model', 5),
('48338078171879260', '6145401140', 'Make', 'Model', 1),
('48345399928650359', '4457341160', 'Make', 'Model', 7),
('48401351047774088', '7348063080', 'Make', 'Model', 4),
('48465093963104750', '1368795270', 'Make', 'Model', 1),
('48510268935259692', '6759659260', 'Make', 'Model', 2),
('48652589261199579', '4021582250', 'Make', 'Model', 3),
('48680994190345588', '6510468940', 'Make', 'Model', 5),
('48845427064724223', '6759659260', 'Make', 'Model', 1),
('48873323649612373', '9968358200', 'Make', 'Model', 5),
('48883688274576568', '8264706180', 'Make', 'Model', 4),
('48896443847026713', '3573483610', 'Make', 'Model', 2),
('48924559247792961', '3573483610', 'Make', 'Model', 2),
('48984818354325981', '7348063080', 'Make', 'Model', 4),
('49018488690949718', '9099395750', 'Make', 'Model', 6),
('49065744330694503', '3200980300', 'Make', 'Model', 5),
('49071027986022021', '6510168810', 'Make', 'Model', 6),
('49086832783409236', '1568687100', 'Make', 'Model', 1),
('49189516239997691', '6145401140', 'Make', 'Model', 7),
('49420113492481504', '3200980300', 'Make', 'Model', 6),
('49457808194511438', '4118385650', 'Make', 'Model', 4),
('49492063243134713', '4677080340', 'Make', 'Model', 1),
('49516846337290886', '8264706180', 'Make', 'Model', 3),
('49530767583885616', '7204999280', 'Make', 'Model', 4),
('49533956471453312', '8264706180', 'Make', 'Model', 7),
('49541477555206983', '3573483610', 'Make', 'Model', 1),
('49544643583519052', '2522537300', 'Make', 'Model', 3),
('49556934642578744', '4806698290', 'Make', 'Model', 2),
('49630248521651084', '3968090450', 'Make', 'Model', 2),
('49660500594809105', '3573483610', 'Make', 'Model', 6),
('49728609128450043', '6544019880', 'Make', 'Model', 4),
('49826944263546057', '1368795270', 'Make', 'Model', 4),
('49854896044774632', '6510168810', 'Make', 'Model', 5),
('49858992542033508', '1368795270', 'Make', 'Model', 4),
('49895542413562008', '2522537300', 'Make', 'Model', 3),
('49901250065932439', '8297325620', 'Make', 'Model', 1),
('50037320569014950', '7348063080', 'Make', 'Model', 4),
('50042496241139613', '3968090450', 'Make', 'Model', 1),
('50052961233191806', '5953520130', 'Make', 'Model', 5),
('50058157060398100', '3130351420', 'Make', 'Model', 5),
('50067951672663990', '9099395750', 'Make', 'Model', 1),
('50215874430174516', '6844822150', 'Make', 'Model', 7),
('50253619127369389', '3200980300', 'Make', 'Model', 4),
('50332671295148950', '3130351420', 'Make', 'Model', 3),
('50358886775739241', '3130351420', 'Make', 'Model', 5),
('50378262466897107', '9384040510', 'Make', 'Model', 1),
('50465057547072573', '9099395750', 'Make', 'Model', 2),
('50607946634565734', '9099395750', 'Make', 'Model', 7),
('50677859720658097', '4021582250', 'Make', 'Model', 2),
('50739906787106476', '3130351420', 'Make', 'Model', 6),
('50778322690961643', '3130351420', 'Make', 'Model', 6),
('50866094682938544', '6510468940', 'Make', 'Model', 7),
('50905747042156139', '7204999280', 'Make', 'Model', 4),
('50969923940032389', '7014766950', 'Make', 'Model', 1),
('51153563599611842', '9631097420', 'Make', 'Model', 2),
('51162798423384745', '2031934400', 'Make', 'Model', 7),
('51233936798581641', '7348063080', 'Make', 'Model', 3),
('51407180086700120', '6145401140', 'Make', 'Model', 6),
('51431304865934293', '1402442130', 'Make', 'Model', 3),
('51465832639752959', '6759659260', 'Make', 'Model', 4),
('51524673615122978', '6510468940', 'Make', 'Model', 3),
('51539163591127237', '9631097420', 'Make', 'Model', 7),
('51562832416517082', '6510168810', 'Make', 'Model', 7),
('51716828540930375', '6844822150', 'Make', 'Model', 2),
('51772321263084139', '4118385650', 'Make', 'Model', 1),
('51950739228562570', '1368795270', 'Make', 'Model', 7),
('52052613942500882', '7014766950', 'Make', 'Model', 3),
('52201121977234519', '6544019880', 'Make', 'Model', 3),
('52294763031400103', '1884150710', 'Make', 'Model', 7),
('52310644827042473', '1368795270', 'Make', 'Model', 2),
('52346338434073676', '1402442130', 'Make', 'Model', 3),
('52352257936437078', '7014766950', 'Make', 'Model', 7),
('52356620116052559', '7204999280', 'Make', 'Model', 6),
('52372073127653610', '9631097420', 'Make', 'Model', 5),
('52463688582456491', '6759659260', 'Make', 'Model', 2),
('52568631153191909', '3968090450', 'Make', 'Model', 6),
('52573693278904768', '6844822150', 'Make', 'Model', 1),
('52586740949662805', '3573483610', 'Make', 'Model', 1),
('52647420926831196', '2031934400', 'Make', 'Model', 2),
('52652015480572108', '3968090450', 'Make', 'Model', 1),
('52828680924430816', '7204999280', 'Make', 'Model', 7),
('52848196860935053', '4677080340', 'Make', 'Model', 1),
('52887998427582041', '4457341160', 'Make', 'Model', 1),
('52964228263040999', '9631097420', 'Make', 'Model', 5),
('52969643781443715', '6510168810', 'Make', 'Model', 7),
('53079491222304271', '6510468940', 'Make', 'Model', 2),
('53085016527220158', '6510468940', 'Make', 'Model', 2),
('53134977082504912', '7348063080', 'Make', 'Model', 2),
('53250382810562101', '6544019880', 'Make', 'Model', 6),
('53257232737529999', '3130351420', 'Make', 'Model', 1),
('53330521127328487', '5953520130', 'Make', 'Model', 1),
('53347814493887278', '1568687100', 'Make', 'Model', 3),
('53363634834104916', '7348063080', 'Make', 'Model', 2),
('53380846984536805', '6544019880', 'Make', 'Model', 2),
('53444157174628302', '6544019880', 'Make', 'Model', 4),
('53493160612159081', '3130351420', 'Make', 'Model', 1),
('53553434442837894', '4457341160', 'Make', 'Model', 2),
('53563311324717533', '7204999280', 'Make', 'Model', 6),
('53586058025003758', '5953520130', 'Make', 'Model', 5),
('53649628061939144', '9384040510', 'Make', 'Model', 5),
('53655424038138731', '6759659260', 'Make', 'Model', 6),
('53685924063429293', '6510168810', 'Make', 'Model', 1),
('53702037565020565', '1568687100', 'Make', 'Model', 7),
('53794274571794342', '4806698290', 'Make', 'Model', 7),
('53803126174742860', '3130351420', 'Make', 'Model', 6),
('53881312367454745', '6510468940', 'Make', 'Model', 5),
('53906299410235869', '3573483610', 'Make', 'Model', 4),
('53917333478328212', '6145401140', 'Make', 'Model', 1),
('54011471035212403', '9029062600', 'Make', 'Model', 6),
('54088173468149305', '1402442130', 'Make', 'Model', 7),
('54315331543285539', '6145401140', 'Make', 'Model', 4),
('54368067241865716', '6145401140', 'Make', 'Model', 6),
('54427292090729282', '6759659260', 'Make', 'Model', 2),
('54498022178144063', '7014766950', 'Make', 'Model', 1),
('54511195135827993', '4677080340', 'Make', 'Model', 5),
('54530046546132024', '6759659260', 'Make', 'Model', 7),
('54550713195821008', '6510468940', 'Make', 'Model', 7),
('54563107779368439', '3130351420', 'Make', 'Model', 5),
('54581207648071865', '6510168810', 'Make', 'Model', 4),
('54620575159298999', '7014766950', 'Make', 'Model', 4),
('54680624539764154', '3573483610', 'Make', 'Model', 2),
('54757535988279058', '9099395750', 'Make', 'Model', 1),
('54866265284547314', '4021582250', 'Make', 'Model', 1),
('54957164110720114', '3968090450', 'Make', 'Model', 6),
('54961269729819393', '3200980300', 'Make', 'Model', 1),
('55225019272318500', '5953520130', 'Make', 'Model', 5),
('55357459235918301', '6759659260', 'Make', 'Model', 5),
('55424720192716960', '9968358200', 'Make', 'Model', 2),
('55542209193940834', '7204999280', 'Make', 'Model', 5),
('55622420654079613', '7204999280', 'Make', 'Model', 4),
('55689645261578673', '5953520130', 'Make', 'Model', 3),
('55722853765637703', '9384040510', 'Make', 'Model', 1),
('55737679975863250', '7014766950', 'Make', 'Model', 5),
('55781992696443365', '3200980300', 'Make', 'Model', 3),
('55782362143852971', '9384040510', 'Make', 'Model', 1),
('55947773341448810', '1884150710', 'Make', 'Model', 3),
('56072626729275802', '4021582250', 'Make', 'Model', 3),
('56194221071086549', '4457341160', 'Make', 'Model', 1),
('56271667620041028', '3200980300', 'Make', 'Model', 1),
('56284441945082470', '6844822150', 'Make', 'Model', 4),
('56289951913978465', '6544019880', 'Make', 'Model', 1),
('56313158493009293', '9029062600', 'Make', 'Model', 1),
('56362478074048435', '3200980300', 'Make', 'Model', 5),
('56386494360509934', '4806698290', 'Make', 'Model', 7),
('56390933551617591', '3968090450', 'Make', 'Model', 4),
('56454198242424015', '6510468940', 'Make', 'Model', 3),
('56514707534219364', '4806698290', 'Make', 'Model', 6),
('56519954340907194', '8297325620', 'Make', 'Model', 3),
('56521713217976803', '9968358200', 'Make', 'Model', 5),
('56533882693993888', '6145401140', 'Make', 'Model', 5),
('56541898486284136', '9631097420', 'Make', 'Model', 4),
('56550749814444300', '7204999280', 'Make', 'Model', 6),
('56573046149819142', '1402442130', 'Make', 'Model', 5),
('56645940262861738', '1402442130', 'Make', 'Model', 4),
('56651528980343716', '7348063080', 'Make', 'Model', 2),
('56721549520795220', '1568687100', 'Make', 'Model', 3),
('56785107441736588', '9631097420', 'Make', 'Model', 1),
('56832382887387551', '4677080340', 'Make', 'Model', 5),
('56842356312658822', '1884150710', 'Make', 'Model', 3),
('56923183329475699', '9968358200', 'Make', 'Model', 3),
('56961625310360434', '2522537300', 'Make', 'Model', 3),
('56996410055042964', '4677080340', 'Make', 'Model', 6),
('57089851596683835', '6759659260', 'Make', 'Model', 6),
('57089990687822591', '6759659260', 'Make', 'Model', 5),
('57225194776563882', '7014766950', 'Make', 'Model', 3),
('57302419123651902', '6844822150', 'Make', 'Model', 2),
('57486981655888555', '7014766950', 'Make', 'Model', 6),
('57520650349677013', '6510168810', 'Make', 'Model', 1),
('57567403074149184', '1368795270', 'Make', 'Model', 2),
('57573772862290408', '8297325620', 'Make', 'Model', 1),
('57792443981559704', '8297325620', 'Make', 'Model', 3),
('57839233068982545', '6510168810', 'Make', 'Model', 6),
('57844852621763407', '2031934400', 'Make', 'Model', 2),
('57901536627415031', '9384040510', 'Make', 'Model', 5),
('57927549451928564', '6145401140', 'Make', 'Model', 1),
('58032003360407273', '9631097420', 'Make', 'Model', 6),
('58088167434996941', '6844822150', 'Make', 'Model', 5),
('58107813168532440', '4457341160', 'Make', 'Model', 6),
('58152240854787448', '8264706180', 'Make', 'Model', 6),
('58222233692467029', '4677080340', 'Make', 'Model', 3),
('58347151042609516', '4677080340', 'Make', 'Model', 7),
('58392246388310912', '4457341160', 'Make', 'Model', 6),
('58505618786253992', '7348063080', 'Make', 'Model', 7),
('58601697943657042', '6759659260', 'Make', 'Model', 6),
('58695094492678381', '4118385650', 'Make', 'Model', 3),
('58811247449114921', '6759659260', 'Make', 'Model', 4),
('59000077161566305', '7204999280', 'Make', 'Model', 3),
('59110561214429159', '4457341160', 'Make', 'Model', 6),
('59116454471094095', '2522537300', 'Make', 'Model', 1),
('59119202524891458', '3968090450', 'Make', 'Model', 1),
('59135178917672017', '9968358200', 'Make', 'Model', 2),
('59138816526867382', '3968090450', 'Make', 'Model', 6),
('59148535324406518', '2031934400', 'Make', 'Model', 7),
('59293451834294295', '4677080340', 'Make', 'Model', 1),
('59566264256320436', '6510468940', 'Make', 'Model', 7),
('59689154396140696', '6510168810', 'Make', 'Model', 6),
('59725889324560749', '2031934400', 'Make', 'Model', 4),
('59756981955149095', '3130351420', 'Make', 'Model', 5),
('59765809695682052', '4677080340', 'Make', 'Model', 3),
('59770700788794330', '4021582250', 'Make', 'Model', 3),
('59798639232931938', '4677080340', 'Make', 'Model', 5),
('59814324567339346', '2522537300', 'Make', 'Model', 4),
('59837734056069417', '1884150710', 'Make', 'Model', 5),
('59838162199414817', '7204999280', 'Make', 'Model', 4),
('59911806579338320', '1884150710', 'Make', 'Model', 3),
('59932410554619148', '9029062600', 'Make', 'Model', 5),
('59987393457881847', '6759659260', 'Make', 'Model', 7),
('59990029734754193', '2031934400', 'Make', 'Model', 1),
('60079852326085946', '2031934400', 'Make', 'Model', 3),
('60119072255288051', '1402442130', 'Make', 'Model', 1),
('60135025998538037', '2522537300', 'Make', 'Model', 5),
('60168614999754069', '8297325620', 'Make', 'Model', 2),
('60177360857329287', '8297325620', 'Make', 'Model', 7),
('60190116587136994', '6844822150', 'Make', 'Model', 7),
('60194259455909768', '1368795270', 'Make', 'Model', 7),
('60199381731941220', '9099395750', 'Make', 'Model', 7),
('60271735399472714', '9968358200', 'Make', 'Model', 4),
('60334609049933635', '3573483610', 'Make', 'Model', 2),
('60361159766165840', '6510168810', 'Make', 'Model', 2),
('60436902753953952', '2522537300', 'Make', 'Model', 5),
('60456257562379770', '4118385650', 'Make', 'Model', 2),
('60499625493255764', '4806698290', 'Make', 'Model', 1),
('60505340026224103', '6510168810', 'Make', 'Model', 2),
('60515206877706685', '2522537300', 'Make', 'Model', 3),
('60612704646648121', '1884150710', 'Make', 'Model', 7),
('60667747833180038', '1568687100', 'Make', 'Model', 1),
('60787214345094713', '1368795270', 'Make', 'Model', 1),
('60801181263280151', '4457341160', 'Make', 'Model', 2),
('60883765813565257', '2522537300', 'Make', 'Model', 5),
('60968831431895526', '2522537300', 'Make', 'Model', 5),
('61005250718148956', '4457341160', 'Make', 'Model', 1),
('61064524228894561', '7348063080', 'Make', 'Model', 4),
('61100261668430357', '7348063080', 'Make', 'Model', 6);
INSERT INTO `vehicle` (`VIN`, `FleetID`, `Make`, `Model`, `OccupantCapacity`) VALUES
('61118322269153882', '8297325620', 'Make', 'Model', 1),
('61146342771563455', '7348063080', 'Make', 'Model', 1),
('61199594860879088', '7348063080', 'Make', 'Model', 4),
('61480456628815258', '1368795270', 'Make', 'Model', 5),
('61547461660555774', '6544019880', 'Make', 'Model', 7),
('61556341966924698', '3573483610', 'Make', 'Model', 1),
('61624376022115359', '3200980300', 'Make', 'Model', 4),
('61747668659723455', '1568687100', 'Make', 'Model', 1),
('61768133045807770', '1368795270', 'Make', 'Model', 7),
('61868507085516012', '9968358200', 'Make', 'Model', 7),
('61892798620193490', '7014766950', 'Make', 'Model', 3),
('61900833325999511', '4457341160', 'Make', 'Model', 2),
('61938234760492162', '3968090450', 'Make', 'Model', 4),
('62011511667272078', '1402442130', 'Make', 'Model', 6),
('62012446957561404', '6544019880', 'Make', 'Model', 6),
('62153996396151527', '7014766950', 'Make', 'Model', 6),
('62196698282283576', '3200980300', 'Make', 'Model', 4),
('62275697316187308', '3200980300', 'Make', 'Model', 1),
('62298082854435031', '3968090450', 'Make', 'Model', 3),
('62353093381042652', '6759659260', 'Make', 'Model', 2),
('62360220748862822', '4021582250', 'Make', 'Model', 7),
('62411569488058779', '1884150710', 'Make', 'Model', 1),
('62461405658564774', '3130351420', 'Make', 'Model', 4),
('62467009038710296', '9029062600', 'Make', 'Model', 3),
('62554287797236424', '9029062600', 'Make', 'Model', 2),
('62615006582751818', '5953520130', 'Make', 'Model', 6),
('62629782258958895', '2522537300', 'Make', 'Model', 7),
('62646879037218132', '3130351420', 'Make', 'Model', 3),
('62689349195878432', '6844822150', 'Make', 'Model', 6),
('62811656936558653', '4021582250', 'Make', 'Model', 6),
('63033498360469246', '6510468940', 'Make', 'Model', 7),
('63064311763816785', '3130351420', 'Make', 'Model', 6),
('63161529635973911', '1568687100', 'Make', 'Model', 7),
('63172291561181786', '1402442130', 'Make', 'Model', 4),
('63320869593691509', '4806698290', 'Make', 'Model', 3),
('63483900427974379', '6544019880', 'Make', 'Model', 5),
('63587003699152333', '8264706180', 'Make', 'Model', 4),
('63588917710001141', '4118385650', 'Make', 'Model', 7),
('63589441060987543', '1884150710', 'Make', 'Model', 1),
('63598834494835318', '6544019880', 'Make', 'Model', 2),
('63600109391805301', '1402442130', 'Make', 'Model', 5),
('63680736296445536', '4677080340', 'Make', 'Model', 3),
('63748607523296592', '4457341160', 'Make', 'Model', 4),
('63757537913153533', '9099395750', 'Make', 'Model', 7),
('63784251696612337', '9384040510', 'Make', 'Model', 3),
('63853448163342212', '4806698290', 'Make', 'Model', 7),
('63956055068498637', '7348063080', 'Make', 'Model', 2),
('64018671227167948', '6510468940', 'Make', 'Model', 4),
('64043695328843245', '8264706180', 'Make', 'Model', 7),
('64051846837915729', '2522537300', 'Make', 'Model', 4),
('64075661513893099', '5953520130', 'Make', 'Model', 5),
('64137698278939444', '6510468940', 'Make', 'Model', 4),
('64295871056923593', '2522537300', 'Make', 'Model', 1),
('64506735287384750', '9099395750', 'Make', 'Model', 1),
('64563267215891917', '6510168810', 'Make', 'Model', 3),
('64705631583444455', '1368795270', 'Make', 'Model', 7),
('64778867186713301', '6544019880', 'Make', 'Model', 6),
('64861520126948462', '7014766950', 'Make', 'Model', 1),
('64894397450992497', '7014766950', 'Make', 'Model', 3),
('64923972089279080', '9029062600', 'Make', 'Model', 3),
('64970296680159408', '3573483610', 'Make', 'Model', 7),
('64982772890125107', '1368795270', 'Make', 'Model', 5),
('65017264468087146', '6510168810', 'Make', 'Model', 2),
('65066273755550880', '2522537300', 'Make', 'Model', 5),
('65104893128953312', '6510168810', 'Make', 'Model', 6),
('65184227592462707', '9099395750', 'Make', 'Model', 1),
('65191297150801135', '4457341160', 'Make', 'Model', 4),
('65241041144755954', '9099395750', 'Make', 'Model', 4),
('65317532698511107', '4677080340', 'Make', 'Model', 7),
('65366551322171129', '3573483610', 'Make', 'Model', 3),
('65393191749743855', '6544019880', 'Make', 'Model', 1),
('65411888318396538', '8264706180', 'Make', 'Model', 1),
('65414491536667940', '9631097420', 'Make', 'Model', 6),
('65461745834102662', '4021582250', 'Make', 'Model', 4),
('65494039051694976', '9968358200', 'Make', 'Model', 4),
('65607513370269792', '4118385650', 'Make', 'Model', 4),
('65637916363425689', '4118385650', 'Make', 'Model', 3),
('65681275754237825', '1402442130', 'Make', 'Model', 6),
('65742882088154379', '5953520130', 'Make', 'Model', 6),
('65762109523866513', '6510168810', 'Make', 'Model', 2),
('66163032262087442', '9968358200', 'Make', 'Model', 3),
('66317249728601308', '9968358200', 'Make', 'Model', 3),
('66356704143401764', '6544019880', 'Make', 'Model', 2),
('66362025726597697', '4806698290', 'Make', 'Model', 4),
('66446536626009212', '6759659260', 'Make', 'Model', 5),
('66456083176327012', '8264706180', 'Make', 'Model', 4),
('66456789381433458', '4806698290', 'Make', 'Model', 7),
('66518771465795117', '4118385650', 'Make', 'Model', 7),
('66570240250933848', '8264706180', 'Make', 'Model', 2),
('66774411348750331', '3573483610', 'Make', 'Model', 4),
('66789909739749602', '6510468940', 'Make', 'Model', 6),
('66856464681538592', '1884150710', 'Make', 'Model', 2),
('66953440655724714', '3968090450', 'Make', 'Model', 2),
('66982888578974992', '1402442130', 'Make', 'Model', 2),
('66991869189844662', '9099395750', 'Make', 'Model', 2),
('66994840290363548', '7014766950', 'Make', 'Model', 3),
('67000064815082001', '3130351420', 'Make', 'Model', 4),
('67042364639128795', '6844822150', 'Make', 'Model', 7),
('67052947330202911', '9968358200', 'Make', 'Model', 5),
('67183630532872476', '3200980300', 'Make', 'Model', 5),
('67196786981729259', '3130351420', 'Make', 'Model', 4),
('67267074858137487', '6510168810', 'Make', 'Model', 6),
('67309836220006048', '6759659260', 'Make', 'Model', 4),
('67397473974488185', '6510168810', 'Make', 'Model', 7),
('67462996748603494', '6510168810', 'Make', 'Model', 1),
('67575073853240906', '7204999280', 'Make', 'Model', 4),
('67600332598160666', '6145401140', 'Make', 'Model', 1),
('67743712965392599', '6844822150', 'Make', 'Model', 5),
('67770455940672180', '3573483610', 'Make', 'Model', 3),
('67809154664476376', '3573483610', 'Make', 'Model', 4),
('67817149920495499', '7014766950', 'Make', 'Model', 7),
('67822117810105138', '6510168810', 'Make', 'Model', 7),
('67879174132715725', '9384040510', 'Make', 'Model', 5),
('67898955512624660', '4021582250', 'Make', 'Model', 4),
('68076521899419058', '2031934400', 'Make', 'Model', 6),
('68124621124557064', '4457341160', 'Make', 'Model', 5),
('68201474192862111', '5953520130', 'Make', 'Model', 2),
('68390074987134601', '8264706180', 'Make', 'Model', 5),
('68608490435453131', '4457341160', 'Make', 'Model', 1),
('68687204961889907', '3968090450', 'Make', 'Model', 5),
('68697421251216314', '4677080340', 'Make', 'Model', 7),
('68924938189450201', '3573483610', 'Make', 'Model', 7),
('68925908140591740', '7204999280', 'Make', 'Model', 6),
('69032079653051973', '3130351420', 'Make', 'Model', 7),
('69114545930492459', '9029062600', 'Make', 'Model', 6),
('69294526938025433', '6844822150', 'Make', 'Model', 3),
('69326946593077633', '9099395750', 'Make', 'Model', 7),
('69338722017769352', '4021582250', 'Make', 'Model', 5),
('69345905947404561', '8297325620', 'Make', 'Model', 5),
('69382437559281626', '4457341160', 'Make', 'Model', 1),
('69424057775657257', '6145401140', 'Make', 'Model', 7),
('69585524987789466', '6510168810', 'Make', 'Model', 4),
('69624070220381370', '6145401140', 'Make', 'Model', 4),
('69775965925659657', '6844822150', 'Make', 'Model', 4),
('69817604143004703', '6844822150', 'Make', 'Model', 7),
('69907797428206997', '6759659260', 'Make', 'Model', 3),
('69931118812529439', '3573483610', 'Make', 'Model', 4),
('69975081533856604', '2522537300', 'Make', 'Model', 2),
('70073792155012876', '6544019880', 'Make', 'Model', 6),
('70077341442229360', '7348063080', 'Make', 'Model', 1),
('70202766722632627', '9384040510', 'Make', 'Model', 2),
('70208431575409031', '7348063080', 'Make', 'Model', 7),
('70388388771288762', '9029062600', 'Make', 'Model', 2),
('70424972686191699', '2031934400', 'Make', 'Model', 4),
('70454317072771112', '9099395750', 'Make', 'Model', 1),
('70590943754504114', '1368795270', 'Make', 'Model', 3),
('70607339547130308', '1402442130', 'Make', 'Model', 4),
('70730804659598220', '3200980300', 'Make', 'Model', 1),
('70814852749320753', '1884150710', 'Make', 'Model', 7),
('70855427156611845', '6844822150', 'Make', 'Model', 2),
('70859010938241043', '4457341160', 'Make', 'Model', 5),
('70907963795911314', '6544019880', 'Make', 'Model', 2),
('71015582050053787', '1402442130', 'Make', 'Model', 6),
('71075814926517900', '6510168810', 'Make', 'Model', 2),
('71140584095332080', '4806698290', 'Make', 'Model', 3),
('71148472016076221', '6145401140', 'Make', 'Model', 6),
('71151415571705821', '6844822150', 'Make', 'Model', 7),
('71185178890412623', '8264706180', 'Make', 'Model', 5),
('71197812148945190', '4021582250', 'Make', 'Model', 4),
('71231955390365583', '4457341160', 'Make', 'Model', 1),
('71250805868447959', '3130351420', 'Make', 'Model', 6),
('71319397671902957', '7014766950', 'Make', 'Model', 1),
('71377026026308346', '2522537300', 'Make', 'Model', 7),
('71381643434113812', '3573483610', 'Make', 'Model', 4),
('71453565669238612', '4118385650', 'Make', 'Model', 1),
('71482963528849556', '9631097420', 'Make', 'Model', 4),
('71522977235336918', '1368795270', 'Make', 'Model', 2),
('71527715353325917', '6844822150', 'Make', 'Model', 5),
('71536564317238360', '9631097420', 'Make', 'Model', 1),
('71604695535895949', '3573483610', 'Make', 'Model', 7),
('71630015863254988', '6510168810', 'Make', 'Model', 7),
('71640621555072264', '6844822150', 'Make', 'Model', 7),
('71705451822572909', '1568687100', 'Make', 'Model', 2),
('71827975937495671', '6844822150', 'Make', 'Model', 4),
('71959111163063593', '9631097420', 'Make', 'Model', 6),
('71961832692880819', '5953520130', 'Make', 'Model', 2),
('72077254173062408', '1402442130', 'Make', 'Model', 5),
('72077924422675270', '3130351420', 'Make', 'Model', 1),
('72108482220117537', '9968358200', 'Make', 'Model', 6),
('72149407453188642', '1402442130', 'Make', 'Model', 1),
('72163114234787450', '6510168810', 'Make', 'Model', 6),
('72244724375388726', '3130351420', 'Make', 'Model', 4),
('72245521389755303', '8264706180', 'Make', 'Model', 7),
('72257098873044778', '4021582250', 'Make', 'Model', 1),
('72364090961593694', '7014766950', 'Make', 'Model', 2),
('72392629374686901', '9384040510', 'Make', 'Model', 1),
('72516790475843920', '2522537300', 'Make', 'Model', 1),
('72612916760996406', '1568687100', 'Make', 'Model', 2),
('72681235716842085', '1402442130', 'Make', 'Model', 6),
('72802111891041320', '1368795270', 'Make', 'Model', 4),
('73027286792729963', '4021582250', 'Make', 'Model', 4),
('73114030294436807', '3130351420', 'Make', 'Model', 7),
('73213997581396873', '3130351420', 'Make', 'Model', 6),
('73235127097390663', '8297325620', 'Make', 'Model', 1),
('73281913468017857', '9384040510', 'Make', 'Model', 5),
('73328515446582023', '9099395750', 'Make', 'Model', 6),
('73370325673879267', '1884150710', 'Make', 'Model', 5),
('73376481686570595', '7204999280', 'Make', 'Model', 2),
('73380994115802433', '6759659260', 'Make', 'Model', 4),
('73386812425545149', '6510168810', 'Make', 'Model', 7),
('73421221015374659', '1402442130', 'Make', 'Model', 1),
('73471533170674566', '1402442130', 'Make', 'Model', 6),
('73640218631368639', '9631097420', 'Make', 'Model', 7),
('73705717324329738', '3130351420', 'Make', 'Model', 2),
('73721372543524850', '7348063080', 'Make', 'Model', 4),
('73783003917696773', '6510468940', 'Make', 'Model', 3),
('73793147137087387', '9099395750', 'Make', 'Model', 1),
('73804304465799377', '6145401140', 'Make', 'Model', 4),
('73871322479646387', '3968090450', 'Make', 'Model', 1),
('73885555074151096', '7014766950', 'Make', 'Model', 3),
('73986815822694647', '6844822150', 'Make', 'Model', 3),
('73987021245639837', '9631097420', 'Make', 'Model', 7),
('74008629639298416', '9631097420', 'Make', 'Model', 5),
('74058573510856934', '4021582250', 'Make', 'Model', 3),
('74139065490410449', '6510168810', 'Make', 'Model', 4),
('74139348943333982', '6759659260', 'Make', 'Model', 3),
('74183954199859657', '7348063080', 'Make', 'Model', 3),
('74201066049488915', '8297325620', 'Make', 'Model', 4),
('74256267053263004', '3573483610', 'Make', 'Model', 7),
('74261494981827975', '1568687100', 'Make', 'Model', 6),
('74262876033016882', '5953520130', 'Make', 'Model', 3),
('74290106463116418', '1884150710', 'Make', 'Model', 2),
('74334426864448989', '2031934400', 'Make', 'Model', 1),
('74527241226549157', '3200980300', 'Make', 'Model', 6),
('74573617748028202', '9099395750', 'Make', 'Model', 7),
('74659365933031201', '4677080340', 'Make', 'Model', 6),
('74662250733059334', '4118385650', 'Make', 'Model', 6),
('74762771163800217', '4457341160', 'Make', 'Model', 5),
('74765584034093713', '6145401140', 'Make', 'Model', 3),
('74891071143986957', '3968090450', 'Make', 'Model', 2),
('74933351257337587', '6510168810', 'Make', 'Model', 3),
('74947189311071666', '6510468940', 'Make', 'Model', 4),
('74955082649593818', '1884150710', 'Make', 'Model', 6),
('74960406951359192', '3130351420', 'Make', 'Model', 4),
('74979309058404198', '7204999280', 'Make', 'Model', 5),
('75068047660131610', '9099395750', 'Make', 'Model', 2),
('75071101575931280', '6544019880', 'Make', 'Model', 3),
('75079848579858317', '2031934400', 'Make', 'Model', 4),
('75174464767095940', '3968090450', 'Make', 'Model', 1),
('75213130851766153', '6759659260', 'Make', 'Model', 6),
('75290427199022762', '6510468940', 'Make', 'Model', 4),
('75406788722599516', '3968090450', 'Make', 'Model', 2),
('75439760770513210', '3968090450', 'Make', 'Model', 4),
('75459144781446812', '1402442130', 'Make', 'Model', 1),
('75467331751942145', '1884150710', 'Make', 'Model', 1),
('75535298232206252', '3200980300', 'Make', 'Model', 6),
('75583789037086009', '5953520130', 'Make', 'Model', 6),
('75600662832932404', '3968090450', 'Make', 'Model', 4),
('75631057596498886', '6145401140', 'Make', 'Model', 6),
('75674690480085279', '9029062600', 'Make', 'Model', 2),
('75749519629145322', '4806698290', 'Make', 'Model', 1),
('75812655533924911', '9384040510', 'Make', 'Model', 5),
('75848626677280132', '1402442130', 'Make', 'Model', 2),
('75910355159663340', '2522537300', 'Make', 'Model', 2),
('76029206767001632', '9029062600', 'Make', 'Model', 7),
('76097539443447003', '4677080340', 'Make', 'Model', 4),
('76199345466386648', '9631097420', 'Make', 'Model', 1),
('76227590555796136', '7204999280', 'Make', 'Model', 6),
('76281096394609797', '1368795270', 'Make', 'Model', 4),
('76298722565687986', '1368795270', 'Make', 'Model', 2),
('76406879467459143', '3130351420', 'Make', 'Model', 3),
('76467820698906666', '1568687100', 'Make', 'Model', 4),
('76495517774031330', '3200980300', 'Make', 'Model', 1),
('76523295495762535', '4457341160', 'Make', 'Model', 6),
('76553131450998288', '7204999280', 'Make', 'Model', 1),
('76646552564703755', '4806698290', 'Make', 'Model', 5),
('76669368776636495', '9968358200', 'Make', 'Model', 4),
('76673558244428880', '1402442130', 'Make', 'Model', 4),
('76864619657958318', '8297325620', 'Make', 'Model', 4),
('76891058010656037', '8297325620', 'Make', 'Model', 7),
('76923874230134114', '9384040510', 'Make', 'Model', 2),
('76961142895543104', '6510468940', 'Make', 'Model', 1),
('77092112263583309', '4021582250', 'Make', 'Model', 2),
('77177270652383277', '4806698290', 'Make', 'Model', 1),
('77195361533380994', '6510468940', 'Make', 'Model', 3),
('77303267469712128', '2522537300', 'Make', 'Model', 3),
('77314020282392210', '1368795270', 'Make', 'Model', 1),
('77328650014475842', '6510468940', 'Make', 'Model', 2),
('77418581421802154', '2031934400', 'Make', 'Model', 2),
('77419840737875193', '9968358200', 'Make', 'Model', 2),
('77440291617330844', '2522537300', 'Make', 'Model', 7),
('77530080727574436', '7204999280', 'Make', 'Model', 1),
('77532045341646611', '4118385650', 'Make', 'Model', 6),
('77678083424661419', '6510168810', 'Make', 'Model', 4),
('77685548810838130', '4021582250', 'Make', 'Model', 3),
('77686656710819562', '9384040510', 'Make', 'Model', 4),
('77694159060090534', '2522537300', 'Make', 'Model', 6),
('77760235573358294', '1368795270', 'Make', 'Model', 6),
('77932830177054319', '6759659260', 'Make', 'Model', 7),
('78262741589582096', '1368795270', 'Make', 'Model', 6),
('78287569685422315', '8264706180', 'Make', 'Model', 7),
('78302767146992827', '8297325620', 'Make', 'Model', 3),
('78347273783390098', '9968358200', 'Make', 'Model', 6),
('78363792323361918', '9099395750', 'Make', 'Model', 2),
('78422012482402651', '3130351420', 'Make', 'Model', 2),
('78558803092031036', '1568687100', 'Make', 'Model', 4),
('78590126092613817', '8264706180', 'Make', 'Model', 7),
('78644877289486798', '1368795270', 'Make', 'Model', 2),
('78684453295206321', '1884150710', 'Make', 'Model', 1),
('78698427238243674', '3130351420', 'Make', 'Model', 3),
('78768302262641325', '4677080340', 'Make', 'Model', 2),
('78790831379000952', '4118385650', 'Make', 'Model', 6),
('78817920958734092', '7014766950', 'Make', 'Model', 1),
('78872388741910852', '6145401140', 'Make', 'Model', 1),
('78884823784619764', '2031934400', 'Make', 'Model', 5),
('78933846663979773', '2522537300', 'Make', 'Model', 5),
('78968178528699379', '8264706180', 'Make', 'Model', 6),
('78994510419346941', '2031934400', 'Make', 'Model', 5),
('79079005078213150', '5953520130', 'Make', 'Model', 4),
('79103918989729927', '6544019880', 'Make', 'Model', 6),
('79176731490124297', '6145401140', 'Make', 'Model', 6),
('79250714310555158', '6510468940', 'Make', 'Model', 4),
('79375852874436324', '6510468940', 'Make', 'Model', 7),
('79394558477567334', '9631097420', 'Make', 'Model', 6),
('79489266725132511', '1568687100', 'Make', 'Model', 7),
('79507839166682470', '1884150710', 'Make', 'Model', 5),
('79540988588274472', '6759659260', 'Make', 'Model', 6),
('79587620276187581', '1402442130', 'Make', 'Model', 6),
('79590859288873524', '1402442130', 'Make', 'Model', 2),
('79674094055318673', '4021582250', 'Make', 'Model', 2),
('79679141420111516', '4677080340', 'Make', 'Model', 5),
('79693584198421075', '9384040510', 'Make', 'Model', 7),
('79713777188184960', '9384040510', 'Make', 'Model', 2),
('79740448328855333', '3968090450', 'Make', 'Model', 4),
('79818809690455353', '4021582250', 'Make', 'Model', 6),
('79835274195552502', '4677080340', 'Make', 'Model', 7),
('79852667114692087', '3573483610', 'Make', 'Model', 3),
('79930640633173759', '4677080340', 'Make', 'Model', 3),
('79996056454732943', '3200980300', 'Make', 'Model', 7),
('80119298090046451', '9968358200', 'Make', 'Model', 2),
('80225175453338744', '8297325620', 'Make', 'Model', 7),
('80241383850588165', '1402442130', 'Make', 'Model', 1),
('80381781979704172', '4806698290', 'Make', 'Model', 6),
('80402985638614524', '3200980300', 'Make', 'Model', 1),
('80502443077156456', '6844822150', 'Make', 'Model', 7),
('80620601894443183', '7014766950', 'Make', 'Model', 6),
('80643821734581806', '6844822150', 'Make', 'Model', 5),
('80694850987170958', '9968358200', 'Make', 'Model', 2),
('80804702644359400', '7348063080', 'Make', 'Model', 1),
('80832654610911283', '6544019880', 'Make', 'Model', 5),
('80851931982280534', '9631097420', 'Make', 'Model', 3),
('80975329620854991', '2522537300', 'Make', 'Model', 2),
('81009799373521342', '2031934400', 'Make', 'Model', 7),
('81086586939542143', '1368795270', 'Make', 'Model', 7),
('81152059910681270', '4806698290', 'Make', 'Model', 1),
('81224096239793379', '7204999280', 'Make', 'Model', 4),
('81354715553688995', '6510468940', 'Make', 'Model', 7),
('81397136611577603', '7014766950', 'Make', 'Model', 1),
('81404934630825887', '3573483610', 'Make', 'Model', 2),
('81407593997306351', '1402442130', 'Make', 'Model', 2),
('81508840161846624', '6145401140', 'Make', 'Model', 1),
('81598254631538708', '1402442130', 'Make', 'Model', 3),
('81655241819923885', '3968090450', 'Make', 'Model', 4),
('81711733870923804', '5953520130', 'Make', 'Model', 3),
('81712013863843580', '7014766950', 'Make', 'Model', 1),
('81734252232490819', '8264706180', 'Make', 'Model', 1),
('81789449241230787', '5953520130', 'Make', 'Model', 3),
('81843632451095607', '6510168810', 'Make', 'Model', 3),
('82036496099240383', '5953520130', 'Make', 'Model', 2),
('82076366798919261', '3968090450', 'Make', 'Model', 7),
('82100659126884518', '4118385650', 'Make', 'Model', 1),
('82229672888890391', '9631097420', 'Make', 'Model', 7),
('82277558872456913', '5953520130', 'Make', 'Model', 3),
('82280678239022645', '4677080340', 'Make', 'Model', 1),
('82301291033063236', '8264706180', 'Make', 'Model', 4),
('82324778759805129', '2031934400', 'Make', 'Model', 6),
('82350792045497566', '6844822150', 'Make', 'Model', 3),
('82367851197060204', '2522537300', 'Make', 'Model', 4),
('82422528631994628', '2031934400', 'Make', 'Model', 6),
('82494029191663748', '3130351420', 'Make', 'Model', 1),
('82524103716248874', '4021582250', 'Make', 'Model', 2),
('82529384186787337', '7014766950', 'Make', 'Model', 1),
('82542391997940576', '6844822150', 'Make', 'Model', 5),
('82650280891500167', '3968090450', 'Make', 'Model', 2),
('82733308025745369', '4021582250', 'Make', 'Model', 6),
('82742668831269756', '4677080340', 'Make', 'Model', 6),
('82885642235035383', '6510468940', 'Make', 'Model', 6),
('82898997781753153', '3573483610', 'Make', 'Model', 3),
('82910567367187712', '8264706180', 'Make', 'Model', 5),
('82948162313107957', '3968090450', 'Make', 'Model', 2),
('82956236896517938', '8264706180', 'Make', 'Model', 7),
('83172907852319494', '4806698290', 'Make', 'Model', 5),
('83184733994091075', '3200980300', 'Make', 'Model', 4),
('83192406417299945', '8297325620', 'Make', 'Model', 2),
('83249731664490064', '3968090450', 'Make', 'Model', 5),
('83263606811953585', '9029062600', 'Make', 'Model', 6),
('83269683933196443', '3200980300', 'Make', 'Model', 7),
('83272238397181418', '2031934400', 'Make', 'Model', 5),
('83353297271427396', '2522537300', 'Make', 'Model', 4),
('83454295653878356', '6510468940', 'Make', 'Model', 1),
('83621182129844609', '3573483610', 'Make', 'Model', 2),
('83659573981097379', '9029062600', 'Make', 'Model', 2),
('83665600876742495', '9029062600', 'Make', 'Model', 6),
('83760197216487952', '8297325620', 'Make', 'Model', 6),
('83826378381749912', '1368795270', 'Make', 'Model', 2),
('83835942032023461', '2522537300', 'Make', 'Model', 4),
('83975121286953116', '6544019880', 'Make', 'Model', 1),
('83979825534325533', '3968090450', 'Make', 'Model', 6),
('84049558554864524', '2031934400', 'Make', 'Model', 2),
('84110551767234725', '9384040510', 'Make', 'Model', 5),
('84461017268814433', '6759659260', 'Make', 'Model', 4),
('84516914736096509', '9099395750', 'Make', 'Model', 3),
('84525983957820583', '9384040510', 'Make', 'Model', 5),
('84579873752707545', '1368795270', 'Make', 'Model', 3),
('84588079550377323', '1568687100', 'Make', 'Model', 6),
('84602867338270243', '7348063080', 'Make', 'Model', 4),
('84637581289308731', '9384040510', 'Make', 'Model', 7),
('84748090081410736', '9968358200', 'Make', 'Model', 4),
('84759105976136450', '9631097420', 'Make', 'Model', 5),
('84834109135525666', '4457341160', 'Make', 'Model', 5),
('84936045419492798', '7348063080', 'Make', 'Model', 2),
('85052350439923452', '4118385650', 'Make', 'Model', 2),
('85082037856726790', '4118385650', 'Make', 'Model', 1),
('85104813982330132', '1368795270', 'Make', 'Model', 2),
('85116850133505687', '7204999280', 'Make', 'Model', 5),
('85236436898249975', '2031934400', 'Make', 'Model', 5),
('85238159259575630', '6544019880', 'Make', 'Model', 2),
('85280475354061517', '7014766950', 'Make', 'Model', 7),
('85320114587002310', '6510468940', 'Make', 'Model', 3),
('85333111911502748', '4806698290', 'Make', 'Model', 4),
('85378244428107700', '4677080340', 'Make', 'Model', 1),
('85506331552507510', '1568687100', 'Make', 'Model', 4),
('85693518743332822', '9099395750', 'Make', 'Model', 4),
('85764409691587140', '4677080340', 'Make', 'Model', 1),
('85782222492725075', '9968358200', 'Make', 'Model', 4),
('85787011850939984', '3573483610', 'Make', 'Model', 6),
('85901547019504330', '6844822150', 'Make', 'Model', 5),
('85910757049360654', '3573483610', 'Make', 'Model', 2),
('85936045727128226', '6510168810', 'Make', 'Model', 1),
('85941161970617877', '8264706180', 'Make', 'Model', 7),
('85948330611072697', '9029062600', 'Make', 'Model', 4),
('85973550559885709', '6544019880', 'Make', 'Model', 3),
('86011562355043813', '9099395750', 'Make', 'Model', 1),
('86066036452662694', '9968358200', 'Make', 'Model', 1),
('86085450437898611', '4457341160', 'Make', 'Model', 7),
('86114054533126100', '4118385650', 'Make', 'Model', 1),
('86338664310443762', '6510168810', 'Make', 'Model', 5),
('86343771147816823', '6145401140', 'Make', 'Model', 3),
('86343897311985430', '8297325620', 'Make', 'Model', 7),
('86385680646116553', '2031934400', 'Make', 'Model', 2),
('86516432761077306', '7348063080', 'Make', 'Model', 2),
('86547895431389279', '9384040510', 'Make', 'Model', 2),
('86549414755969424', '3968090450', 'Make', 'Model', 4),
('86816095766933019', '2522537300', 'Make', 'Model', 6),
('86842483825717579', '6759659260', 'Make', 'Model', 3),
('86941083419755618', '9631097420', 'Make', 'Model', 7),
('86968886150487984', '6544019880', 'Make', 'Model', 1),
('87188827292047343', '8264706180', 'Make', 'Model', 5),
('87259949584842561', '1884150710', 'Make', 'Model', 5),
('87405945751357322', '4457341160', 'Make', 'Model', 4),
('87424280423003582', '8297325620', 'Make', 'Model', 4),
('87544769047567311', '9384040510', 'Make', 'Model', 6),
('87553843234832846', '9029062600', 'Make', 'Model', 1),
('87606965774299095', '2031934400', 'Make', 'Model', 1),
('87671492630071856', '9384040510', 'Make', 'Model', 4),
('87726251957895330', '3968090450', 'Make', 'Model', 4),
('87751385774485345', '9384040510', 'Make', 'Model', 3),
('87783393339916511', '9029062600', 'Make', 'Model', 6),
('87792270715189971', '8264706180', 'Make', 'Model', 3),
('87875539747869387', '4457341160', 'Make', 'Model', 4),
('87952600635131251', '8297325620', 'Make', 'Model', 5),
('87991411229390082', '9968358200', 'Make', 'Model', 6),
('88102195535850405', '6844822150', 'Make', 'Model', 2),
('88117471171614885', '9099395750', 'Make', 'Model', 3),
('88253244851170850', '9384040510', 'Make', 'Model', 1),
('88291966584662135', '6544019880', 'Make', 'Model', 6),
('88361962327981934', '5953520130', 'Make', 'Model', 1),
('88388653451349068', '1884150710', 'Make', 'Model', 3),
('88424996588500891', '3130351420', 'Make', 'Model', 5),
('88432641457459500', '3130351420', 'Make', 'Model', 5),
('88565715716705359', '8264706180', 'Make', 'Model', 6),
('88607641150880651', '1884150710', 'Make', 'Model', 3),
('88705157067519810', '1568687100', 'Make', 'Model', 6),
('88741591559874097', '6759659260', 'Make', 'Model', 5),
('88804770482746264', '9631097420', 'Make', 'Model', 4),
('88835968067881328', '1368795270', 'Make', 'Model', 2),
('88842419523168919', '4457341160', 'Make', 'Model', 4),
('89156339813099778', '6759659260', 'Make', 'Model', 6),
('89168635946793818', '5953520130', 'Make', 'Model', 4),
('89200553562536886', '7348063080', 'Make', 'Model', 1),
('89233276399406947', '7204999280', 'Make', 'Model', 6),
('89254092963127158', '6145401140', 'Make', 'Model', 3),
('89267400560449098', '2031934400', 'Make', 'Model', 7),
('89268473423769084', '7348063080', 'Make', 'Model', 1),
('89342992131036151', '2031934400', 'Make', 'Model', 6),
('89394172998676676', '5953520130', 'Make', 'Model', 1),
('89451417252713398', '4457341160', 'Make', 'Model', 3),
('89459206230055111', '4457341160', 'Make', 'Model', 4),
('89501854126087057', '6759659260', 'Make', 'Model', 1),
('89513203819888510', '3968090450', 'Make', 'Model', 2),
('89604248275502887', '1884150710', 'Make', 'Model', 4),
('89615299271377661', '4677080340', 'Make', 'Model', 7),
('89669398461613953', '4677080340', 'Make', 'Model', 3),
('89734860712607207', '2031934400', 'Make', 'Model', 4),
('89797372110382732', '4677080340', 'Make', 'Model', 6),
('89844080579870147', '1402442130', 'Make', 'Model', 6),
('89861416663487391', '9968358200', 'Make', 'Model', 7),
('89870515820271306', '1402442130', 'Make', 'Model', 1),
('89924734157088999', '8264706180', 'Make', 'Model', 7),
('89934719156232084', '1402442130', 'Make', 'Model', 5),
('89960743997804452', '9099395750', 'Make', 'Model', 6),
('89995203061706167', '9099395750', 'Make', 'Model', 6),
('90074478051671962', '8297325620', 'Make', 'Model', 6),
('90089251327574621', '4021582250', 'Make', 'Model', 7),
('90187216060220707', '3200980300', 'Make', 'Model', 1),
('90230744176694054', '9029062600', 'Make', 'Model', 1),
('90253368486070498', '8297325620', 'Make', 'Model', 1),
('90266514056266723', '1402442130', 'Make', 'Model', 4),
('90296436539017756', '4021582250', 'Make', 'Model', 2),
('90299078395017746', '6844822150', 'Make', 'Model', 1),
('90333661577533572', '2522537300', 'Make', 'Model', 5),
('90374902678183211', '6844822150', 'Make', 'Model', 4),
('90378692366670083', '6844822150', 'Make', 'Model', 2),
('90510842093826831', '9029062600', 'Make', 'Model', 5),
('90539310573974874', '1884150710', 'Make', 'Model', 1),
('90571210574253766', '4806698290', 'Make', 'Model', 7),
('90614601219131951', '6844822150', 'Make', 'Model', 5),
('90636189832916794', '6145401140', 'Make', 'Model', 5),
('90661299965149054', '6844822150', 'Make', 'Model', 4),
('90663693652770055', '9968358200', 'Make', 'Model', 1),
('90664975770590757', '9099395750', 'Make', 'Model', 2),
('90710949768818443', '6145401140', 'Make', 'Model', 1),
('90853110593092856', '2031934400', 'Make', 'Model', 3),
('90953097990205500', '3200980300', 'Make', 'Model', 7),
('90953555275334232', '6844822150', 'Make', 'Model', 1),
('91037810033969607', '4021582250', 'Make', 'Model', 3),
('91141884847199683', '4021582250', 'Make', 'Model', 5),
('91151736989054726', '7204999280', 'Make', 'Model', 2),
('91292326464606139', '5953520130', 'Make', 'Model', 3),
('91308425879822760', '9099395750', 'Make', 'Model', 5),
('91337458548999187', '7204999280', 'Make', 'Model', 6),
('91370367136773890', '5953520130', 'Make', 'Model', 1),
('91376164732111585', '8264706180', 'Make', 'Model', 2),
('91377564274499648', '3200980300', 'Make', 'Model', 4),
('91452088940297286', '9631097420', 'Make', 'Model', 1),
('91475462585698587', '9631097420', 'Make', 'Model', 2),
('91519694643454191', '4118385650', 'Make', 'Model', 2),
('91561006818089635', '7014766950', 'Make', 'Model', 4),
('91607780388639262', '4806698290', 'Make', 'Model', 5),
('91672498378848638', '3968090450', 'Make', 'Model', 6),
('91728060794885746', '6844822150', 'Make', 'Model', 3),
('91745123295264397', '7348063080', 'Make', 'Model', 1),
('91834874686690208', '6510468940', 'Make', 'Model', 4),
('92183538620724981', '6544019880', 'Make', 'Model', 7),
('92196478674080805', '6544019880', 'Make', 'Model', 3),
('92418418587523580', '9099395750', 'Make', 'Model', 5),
('92478599072761826', '1568687100', 'Make', 'Model', 7),
('92524554221729043', '1368795270', 'Make', 'Model', 3),
('92562077472259728', '9099395750', 'Make', 'Model', 7),
('92627966537081851', '8297325620', 'Make', 'Model', 5),
('92689051962233855', '6844822150', 'Make', 'Model', 3),
('92788987146957747', '2522537300', 'Make', 'Model', 6),
('92791755056272243', '9968358200', 'Make', 'Model', 3),
('92806396180850194', '4677080340', 'Make', 'Model', 4),
('92828931918339965', '1568687100', 'Make', 'Model', 4),
('92848773492305306', '2522537300', 'Make', 'Model', 1),
('92867880981825124', '6145401140', 'Make', 'Model', 2),
('92921478822645754', '4457341160', 'Make', 'Model', 1),
('92966297226442894', '7204999280', 'Make', 'Model', 5),
('92991665641335012', '8297325620', 'Make', 'Model', 7),
('93060635099556694', '1568687100', 'Make', 'Model', 4),
('93098259070981475', '9631097420', 'Make', 'Model', 4),
('93111069815635063', '2522537300', 'Make', 'Model', 3),
('93121695968183825', '1568687100', 'Make', 'Model', 6),
('93198745864248462', '3130351420', 'Make', 'Model', 5),
('93202337524774279', '8297325620', 'Make', 'Model', 6),
('93260260842666296', '1884150710', 'Make', 'Model', 1),
('93409411841845666', '6145401140', 'Make', 'Model', 3),
('93471743216621686', '2522537300', 'Make', 'Model', 5),
('93473841540346593', '1568687100', 'Make', 'Model', 2),
('93519862933175083', '4806698290', 'Make', 'Model', 6),
('93521453060977436', '7204999280', 'Make', 'Model', 1),
('93618897273522236', '4021582250', 'Make', 'Model', 7),
('93683312849293016', '3573483610', 'Make', 'Model', 7),
('94047603292288375', '1884150710', 'Make', 'Model', 7),
('94080417729566063', '8297325620', 'Make', 'Model', 6),
('94170096212166767', '9968358200', 'Make', 'Model', 5),
('94192036030949742', '9631097420', 'Make', 'Model', 2),
('94461807168876534', '7204999280', 'Make', 'Model', 3),
('94508607427621041', '4457341160', 'Make', 'Model', 7),
('94567512841501721', '3573483610', 'Make', 'Model', 5),
('94647545136817925', '3200980300', 'Make', 'Model', 2),
('94656444844428467', '6544019880', 'Make', 'Model', 2),
('94754566966500031', '9631097420', 'Make', 'Model', 7),
('94755631285029500', '3200980300', 'Make', 'Model', 5),
('94771588218189243', '4677080340', 'Make', 'Model', 6),
('94784080553586800', '3130351420', 'Make', 'Model', 2),
('94893661489352534', '9384040510', 'Make', 'Model', 6),
('94900909719120951', '4806698290', 'Make', 'Model', 1),
('94960262914544765', '3200980300', 'Make', 'Model', 1),
('94998675113873104', '6844822150', 'Make', 'Model', 3),
('95132483728758988', '4457341160', 'Make', 'Model', 3),
('95144609952302520', '4457341160', 'Make', 'Model', 3),
('95180399964026320', '9099395750', 'Make', 'Model', 6),
('95311173356219357', '7348063080', 'Make', 'Model', 2),
('95355240641497797', '2522537300', 'Make', 'Model', 2),
('95438496917721879', '3968090450', 'Make', 'Model', 4),
('95561378186999311', '1402442130', 'Make', 'Model', 5),
('95566231824841277', '7348063080', 'Make', 'Model', 3),
('95640136262563332', '8297325620', 'Make', 'Model', 2),
('95682335447416276', '8297325620', 'Make', 'Model', 5),
('95700586147827344', '4118385650', 'Make', 'Model', 7),
('95791874120873600', '6145401140', 'Make', 'Model', 1),
('95811318617490441', '4677080340', 'Make', 'Model', 7),
('95832205017076245', '4021582250', 'Make', 'Model', 6),
('95837092420320263', '4021582250', 'Make', 'Model', 6),
('95945384754372264', '6544019880', 'Make', 'Model', 2),
('95957502123089181', '4677080340', 'Make', 'Model', 4),
('95982479376172230', '9384040510', 'Make', 'Model', 1),
('96050490031839495', '1568687100', 'Make', 'Model', 1),
('96052446858824298', '7348063080', 'Make', 'Model', 7),
('96117061093221497', '1568687100', 'Make', 'Model', 3),
('96130950766208269', '9968358200', 'Make', 'Model', 7),
('96150535566978268', '2031934400', 'Make', 'Model', 1),
('96179009823856598', '8297325620', 'Make', 'Model', 3),
('96202100226120121', '6844822150', 'Make', 'Model', 6),
('96344282144872396', '4806698290', 'Make', 'Model', 4),
('96345339872607853', '3200980300', 'Make', 'Model', 5),
('96345513727947386', '3200980300', 'Make', 'Model', 1),
('96356722313796119', '9631097420', 'Make', 'Model', 5),
('96368616564659087', '3573483610', 'Make', 'Model', 6),
('96449422168666804', '2522537300', 'Make', 'Model', 1),
('96688985085540827', '6759659260', 'Make', 'Model', 5),
('96761437220486980', '9384040510', 'Make', 'Model', 3),
('96800432468825708', '1368795270', 'Make', 'Model', 1),
('96824040246108469', '9099395750', 'Make', 'Model', 4),
('96923215762617237', '6510168810', 'Make', 'Model', 6),
('96994148192374061', '9029062600', 'Make', 'Model', 3),
('97017296156538192', '7204999280', 'Make', 'Model', 6),
('97129644153098209', '6844822150', 'Make', 'Model', 2),
('97170050162962394', '1568687100', 'Make', 'Model', 7),
('97264017231584696', '1884150710', 'Make', 'Model', 3),
('97283622070662646', '6510468940', 'Make', 'Model', 3),
('97401700393499499', '6759659260', 'Make', 'Model', 3),
('97451374693552705', '7014766950', 'Make', 'Model', 1),
('97469076337494206', '6510468940', 'Make', 'Model', 3),
('97482942674737733', '6145401140', 'Make', 'Model', 4),
('97587459398413027', '4677080340', 'Make', 'Model', 4),
('97627139398135699', '6145401140', 'Make', 'Model', 5),
('97692689126330325', '9029062600', 'Make', 'Model', 3),
('97742571546454947', '6544019880', 'Make', 'Model', 3),
('97772331317711843', '3573483610', 'Make', 'Model', 1),
('97819586932953029', '6759659260', 'Make', 'Model', 1),
('97865377669292896', '5953520130', 'Make', 'Model', 5),
('97867653311774220', '4457341160', 'Make', 'Model', 3),
('97986381868081975', '9631097420', 'Make', 'Model', 2),
('98021828192628505', '2031934400', 'Make', 'Model', 6),
('98067525572347735', '3200980300', 'Make', 'Model', 5),
('98101293234657348', '6759659260', 'Make', 'Model', 2),
('98231713168510265', '9384040510', 'Make', 'Model', 2),
('98235862264861064', '9968358200', 'Make', 'Model', 5),
('98244740559495062', '8264706180', 'Make', 'Model', 3),
('98248889572771227', '4677080340', 'Make', 'Model', 1),
('98272845725018787', '4677080340', 'Make', 'Model', 4),
('98364402249494905', '6145401140', 'Make', 'Model', 3),
('98425839630591817', '2522537300', 'Make', 'Model', 6),
('98432533438143070', '4806698290', 'Make', 'Model', 5),
('98461282788431454', '4021582250', 'Make', 'Model', 4),
('98477453145716632', '4677080340', 'Make', 'Model', 5),
('98499688152616639', '4806698290', 'Make', 'Model', 7),
('98503086351809001', '4021582250', 'Make', 'Model', 2),
('98549130710063373', '9029062600', 'Make', 'Model', 4),
('98623560369685479', '6544019880', 'Make', 'Model', 3),
('98663086613841676', '1568687100', 'Make', 'Model', 7),
('98681408283090002', '5953520130', 'Make', 'Model', 2),
('98906507993709659', '9029062600', 'Make', 'Model', 5),
('98908701662082076', '3573483610', 'Make', 'Model', 6),
('98941524912907817', '4118385650', 'Make', 'Model', 2),
('98987528911818847', '5953520130', 'Make', 'Model', 2),
('98999253199687806', '9384040510', 'Make', 'Model', 2),
('99018573843910932', '3130351420', 'Make', 'Model', 4),
('99038802490091060', '6844822150', 'Make', 'Model', 5),
('99105403310022958', '1568687100', 'Make', 'Model', 3),
('99180723892725578', '9099395750', 'Make', 'Model', 6),
('99184061967850815', '5953520130', 'Make', 'Model', 6),
('99191175086995162', '9631097420', 'Make', 'Model', 5),
('99213621792017935', '3968090450', 'Make', 'Model', 5),
('99217997090984517', '2031934400', 'Make', 'Model', 6),
('99314259113554792', '6510468940', 'Make', 'Model', 2),
('99450214070675182', '4118385650', 'Make', 'Model', 6),
('99488814929507767', '7348063080', 'Make', 'Model', 7),
('99519017829984097', '3200980300', 'Make', 'Model', 2),
('99547732980784802', '1884150710', 'Make', 'Model', 5),
('99547987629333011', '6510468940', 'Make', 'Model', 3),
('99619745496464925', '6544019880', 'Make', 'Model', 3),
('99633377179482303', '1884150710', 'Make', 'Model', 2),
('99666453657594114', '4118385650', 'Make', 'Model', 4),
('99727025296422315', '9029062600', 'Make', 'Model', 5),
('99904440318768801', '7204999280', 'Make', 'Model', 5),
('99911646024701691', '3968090450', 'Make', 'Model', 6),
('99919525660700012', '3130351420', 'Make', 'Model', 6),
('99921869867651927', '4677080340', 'Make', 'Model', 3),
('99986590662434039', '1402442130', 'Make', 'Model', 1);

--
-- Indexes for dumped tables
--

--
-- Indexes for table `company`
--
ALTER TABLE `company`
  ADD PRIMARY KEY (`TaxID`);

--
-- Indexes for table `customer`
--
ALTER TABLE `customer`
  ADD PRIMARY KEY (`CustomerID`);

--
-- Indexes for table `employee`
--
ALTER TABLE `employee`
  ADD PRIMARY KEY (`SSN`),
  ADD KEY `GarageID` (`GarageID`);

--
-- Indexes for table `fleet`
--
ALTER TABLE `fleet`
  ADD PRIMARY KEY (`FleetID`),
  ADD KEY `Company_TaxID` (`Company_TaxID`),
  ADD KEY `GarageID` (`GarageID`);

--
-- Indexes for table `foreman`
--
ALTER TABLE `foreman`
  ADD PRIMARY KEY (`SSN`),
  ADD UNIQUE KEY `LicenseNumber` (`LicenseNumber`);

--
-- Indexes for table `garage`
--
ALTER TABLE `garage`
  ADD PRIMARY KEY (`GarageID`),
  ADD KEY `Company_TaxID` (`Company_TaxID`);

--
-- Indexes for table `maintains`
--
ALTER TABLE `maintains`
  ADD KEY `MechSSN` (`MechSSN`),
  ADD KEY `VehicleVIN` (`VehicleVIN`);

--
-- Indexes for table `mechanic`
--
ALTER TABLE `mechanic`
  ADD PRIMARY KEY (`SSN`),
  ADD UNIQUE KEY `LicenseNumber` (`LicenseNumber`),
  ADD KEY `SupervisorSSN` (`SupervisorSSN`);

--
-- Indexes for table `route`
--
ALTER TABLE `route`
  ADD PRIMARY KEY (`TripID`);

--
-- Indexes for table `trip`
--
ALTER TABLE `trip`
  ADD PRIMARY KEY (`TripID`),
  ADD KEY `Company_TaxID` (`Company_TaxID`),
  ADD KEY `Cust_ID` (`Cust_ID`);

--
-- Indexes for table `vehicle`
--
ALTER TABLE `vehicle`
  ADD PRIMARY KEY (`VIN`),
  ADD KEY `FleetID` (`FleetID`);

--
-- Constraints for dumped tables
--

--
-- Constraints for table `employee`
--
ALTER TABLE `employee`
  ADD CONSTRAINT `employee_ibfk_1` FOREIGN KEY (`GarageID`) REFERENCES `garage` (`GarageID`);

--
-- Constraints for table `fleet`
--
ALTER TABLE `fleet`
  ADD CONSTRAINT `fleet_ibfk_1` FOREIGN KEY (`Company_TaxID`) REFERENCES `company` (`TaxID`),
  ADD CONSTRAINT `fleet_ibfk_2` FOREIGN KEY (`GarageID`) REFERENCES `garage` (`GarageID`);

--
-- Constraints for table `foreman`
--
ALTER TABLE `foreman`
  ADD CONSTRAINT `foreman_ibfk_1` FOREIGN KEY (`SSN`) REFERENCES `employee` (`SSN`);

--
-- Constraints for table `garage`
--
ALTER TABLE `garage`
  ADD CONSTRAINT `garage_ibfk_1` FOREIGN KEY (`Company_TaxID`) REFERENCES `company` (`TaxID`);

--
-- Constraints for table `maintains`
--
ALTER TABLE `maintains`
  ADD CONSTRAINT `maintains_ibfk_1` FOREIGN KEY (`MechSSN`) REFERENCES `mechanic` (`SSN`),
  ADD CONSTRAINT `maintains_ibfk_2` FOREIGN KEY (`VehicleVIN`) REFERENCES `vehicle` (`VIN`);

--
-- Constraints for table `mechanic`
--
ALTER TABLE `mechanic`
  ADD CONSTRAINT `mechanic_ibfk_1` FOREIGN KEY (`SSN`) REFERENCES `employee` (`SSN`),
  ADD CONSTRAINT `mechanic_ibfk_2` FOREIGN KEY (`SupervisorSSN`) REFERENCES `foreman` (`SSN`);

--
-- Constraints for table `route`
--
ALTER TABLE `route`
  ADD CONSTRAINT `route_ibfk_1` FOREIGN KEY (`TripID`) REFERENCES `trip` (`TripID`);

--
-- Constraints for table `trip`
--
ALTER TABLE `trip`
  ADD CONSTRAINT `trip_ibfk_1` FOREIGN KEY (`Company_TaxID`) REFERENCES `company` (`TaxID`),
  ADD CONSTRAINT `trip_ibfk_2` FOREIGN KEY (`Cust_ID`) REFERENCES `customer` (`CustomerID`);

--
-- Constraints for table `vehicle`
--
ALTER TABLE `vehicle`
  ADD CONSTRAINT `vehicle_ibfk_1` FOREIGN KEY (`FleetID`) REFERENCES `fleet` (`FleetID`);
COMMIT;

/*!40101 SET CHARACTER_SET_CLIENT=@OLD_CHARACTER_SET_CLIENT */;
/*!40101 SET CHARACTER_SET_RESULTS=@OLD_CHARACTER_SET_RESULTS */;
/*!40101 SET COLLATION_CONNECTION=@OLD_COLLATION_CONNECTION */;
